"app","powerkW","star","Configuration1"
"aircon",0.785,2,"Non Ducted"
"aircon",1.04,2,"Non Ducted"
"aircon",1.72,1,"Non Ducted"
"aircon",2.045,1,"Non Ducted"
"aircon",1.04,1,"Non Ducted"
"aircon",1.72,1,"Non Ducted"
"aircon",2.32,1,"Non Ducted"
"aircon",0.3975,4,"Non Ducted"
"aircon",0.5175,4,"Non Ducted"
"aircon",0.805,3,"Non Ducted"
"aircon",1.28,2,"Non Ducted"
"aircon",1.515,2,"Non Ducted"
"aircon",21.75,0,"Ducted"
"aircon",1.655,2,"Non Ducted"
"aircon",7.92,0,"Ducted"
"aircon",14.7785,0,"Ducted"
"aircon",14.7785,0,"Ducted"
"aircon",14.7785,0,"Ducted"
"aircon",14.7785,0,"Ducted"
"aircon",14.7785,0,"Ducted"
"aircon",14.7785,0,"Ducted"
"aircon",1.45,2,"Non Ducted"
"aircon",1.45,2,"Non Ducted"
"aircon",0.53,0,"Ducted"
"aircon",0.755,0,"Ducted"
"aircon",1.85,0,"Ducted"
"aircon",2.27,0,"Ducted"
"aircon",2.795,0,"Ducted"
"aircon",1.82,2,"Non Ducted"
"aircon",1.82,2,"Non Ducted"
"aircon",0.545,4,"Non Ducted"
"aircon",0.545,4,"Non Ducted"
"aircon",0.83,3,"Non Ducted"
"aircon",0.83,3,"Non Ducted"
"aircon",1.43,2,"Non Ducted"
"aircon",1.43,2,"Non Ducted"
"aircon",1.5,1,"Non Ducted"
"aircon",9,0,"Ducted"
"aircon",2.125,0,"Ducted"
"aircon",3.955,0,"Non Ducted"
"aircon",2.595,0,"Ducted"
"aircon",10.459,0,"Ducted"
"aircon",10.459,0,"Ducted"
"aircon",1.17,1,"Non Ducted"
"aircon",1.585,0,"Non Ducted"
"aircon",3.29,0,"Non Ducted"
"aircon",3.287,0,"Non Ducted"
"aircon",4.64,0,"Non Ducted"
"aircon",1.525,1,"Non Ducted"
"aircon",0.625,3,"Non Ducted"
"aircon",0.625,3,"Non Ducted"
"aircon",0.625,3,"Non Ducted"
"aircon",0.935,2,"Non Ducted"
"aircon",0.935,2,"Non Ducted"
"aircon",0.935,2,"Non Ducted"
"aircon",0.835,3,"Non Ducted"
"aircon",1.37,2,"Non Ducted"
"aircon",0.86,3,"Non Ducted"
"aircon",2.175,2,"Non Ducted"
"aircon",1.37,2,"Non Ducted"
"aircon",1.37,2,"Non Ducted"
"aircon",1.565,1,"Non Ducted"
"aircon",1.565,1,"Non Ducted"
"aircon",1.565,1,"Non Ducted"
"aircon",1.585,2,"Non Ducted"
"aircon",2.505,1,"Non Ducted"
"aircon",2.165,1,"Non Ducted"
"aircon",2.485,1,"Non Ducted"
"aircon",3.765,1,"Non Ducted"
"aircon",4.225,1,"Non Ducted"
"aircon",0.705,2,"Non Ducted"
"aircon",0.705,2,"Non Ducted"
"aircon",0.705,2,"Non Ducted"
"aircon",0.99,2,"Non Ducted"
"aircon",0.99,2,"Non Ducted"
"aircon",0.99,2,"Non Ducted"
"aircon",1.69,1,"Non Ducted"
"aircon",1.69,1,"Non Ducted"
"aircon",1.69,1,"Non Ducted"
"aircon",1.93,1,"Non Ducted"
"aircon",1.93,1,"Non Ducted"
"aircon",1.93,1,"Non Ducted"
"aircon",0.67,2,"Non Ducted"
"aircon",7.25,0,"Ducted"
"aircon",12,0,"Ducted"
"aircon",3.85,1,"Non Ducted"
"aircon",0.94,0,"Ducted"
"aircon",1.21,0,"Ducted"
"aircon",3.12,0,"Ducted"
"aircon",1.55,0,"Ducted"
"aircon",2.58,0,"Ducted"
"aircon",8.95,0,"Ducted"
"aircon",2.375,0,"Ducted"
"aircon",2.49,0,"Ducted"
"aircon",1.93,2,"Non Ducted"
"aircon",0.84,2,"Non Ducted"
"aircon",1.945,2,"Non Ducted"
"aircon",2.625,2,"Non Ducted"
"aircon",2.925,1,"Non Ducted"
"aircon",3.69,1,"Non Ducted"
"aircon",3.69,0,"Non Ducted"
"aircon",0.475,4,"Non Ducted"
"aircon",0.57,4,"Non Ducted"
"aircon",0.79,3,"Non Ducted"
"aircon",1.165,2,"Non Ducted"
"aircon",1.235,3,"Non Ducted"
"aircon",1.63,2,"Non Ducted"
"aircon",1.975,2,"Non Ducted"
"aircon",0.675,3,"Non Ducted"
"aircon",1.51,2,"Non Ducted"
"aircon",0.67,2,"Non Ducted"
"aircon",0.965,2,"Non Ducted"
"aircon",1.535,2,"Non Ducted"
"aircon",2,1,"Non Ducted"
"aircon",2.105,1,"Non Ducted"
"aircon",3.25,1,"Non Ducted"
"aircon",2.2,1,"Non Ducted"
"aircon",2.465,2,"Non Ducted"
"aircon",6.26,0,"Ducted"
"aircon",3.24,0,"Ducted"
"aircon",2.825,0,"Ducted"
"aircon",8.03,0,"Ducted"
"aircon",3.915,0,"Ducted"
"aircon",4.565,0,"Ducted"
"aircon",5.9,0,"Ducted"
"aircon",2.015,0,"Ducted"
"aircon",0.7,3,"Non Ducted"
"aircon",1.005,2,"Non Ducted"
"aircon",1.395,2,"Non Ducted"
"aircon",2.1,2,"Non Ducted"
"aircon",1.96,2,"Non Ducted"
"aircon",2.695,2,"Non Ducted"
"aircon",3.795,2,"Non Ducted"
"aircon",4.345,1,"Non Ducted"
"aircon",1.955,0,"Ducted"
"aircon",0.705,0,"Non Ducted"
"aircon",1.33,0,"Non Ducted"
"aircon",2.5,0,"Ducted"
"aircon",3.79,0,"Ducted"
"aircon",3.325,0,"Ducted"
"aircon",7.805,0,"Ducted"
"aircon",3.79,0,"Ducted"
"aircon",4.17,0,"Ducted"
"aircon",3.295,0,"Ducted"
"aircon",3.165,0,"Ducted"
"aircon",2.27,0,"Non Ducted"
"aircon",7.599,0,"Ducted"
"aircon",7.599,0,"Ducted"
"aircon",8.235,0,"Ducted"
"aircon",2.3,1,"Non Ducted"
"aircon",1.92,1,"Non Ducted"
"aircon",1.56,1,"Non Ducted"
"aircon",0.95,2,"Non Ducted"
"aircon",0.725,2,"Non Ducted"
"aircon",2.95,0,"Ducted"
"aircon",1.11,0,"Ducted"
"aircon",1.625,0,"Ducted"
"aircon",2.25,0,"Ducted"
"aircon",2.675,0,"Ducted"
"aircon",1.3,0,"Ducted"
"aircon",1.77,0,"Ducted"
"aircon",12.875,0,"Ducted"
"aircon",10.36,0,"Ducted"
"aircon",15.965,0,"Ducted"
"aircon",8.175,0,"Ducted"
"aircon",5.99,0,"Ducted"
"aircon",3.395,0,"Ducted"
"aircon",2.5715,0,"Ducted"
"aircon",4.155,0,"Ducted"
"aircon",5.065,0,"Ducted"
"aircon",4.4,1,"Non Ducted"
"aircon",2.43,2,"Non Ducted"
"aircon",2.43,2,"Non Ducted"
"aircon",2.43,2,"Non Ducted"
"aircon",15.6,0,"Ducted"
"aircon",2.3,1,"Non Ducted"
"aircon",2.3,0,"Non Ducted"
"aircon",3.25,0,"Non Ducted"
"aircon",3.85,0,"Non Ducted"
"aircon",4.4,0,"Non Ducted"
"aircon",1.415,0,"Ducted"
"aircon",1.7,0,"Ducted"
"aircon",6.65,0,"Ducted"
"aircon",5.48,0,"Ducted"
"aircon",9.465,0,"Ducted"
"aircon",0.685,3,"Non Ducted"
"aircon",0.685,3,"Non Ducted"
"aircon",0.685,3,"Non Ducted"
"aircon",0.935,2,"Non Ducted"
"aircon",0.935,2,"Non Ducted"
"aircon",0.935,2,"Non Ducted"
"aircon",9.525,0,"Ducted"
"aircon",1.95,0,"Ducted"
"aircon",2.655,0,"Ducted"
"aircon",5.75,0,"Ducted"
"aircon",5.75,0,"Ducted"
"aircon",5.75,0,"Ducted"
"aircon",5.75,0,"Ducted"
"aircon",5.75,0,"Ducted"
"aircon",7.2,0,"Ducted"
"aircon",7.2,0,"Ducted"
"aircon",7.2,0,"Ducted"
"aircon",7.2,0,"Ducted"
"aircon",7.2,0,"Ducted"
"aircon",3.57,0,"Ducted"
"aircon",4.39,0,"Ducted"
"aircon",1.55,0,"Ducted"
"aircon",0.61,3,"Non Ducted"
"aircon",0.61,3,"Non Ducted"
"aircon",0.61,3,"Non Ducted"
"aircon",1.32,2,"Non Ducted"
"aircon",1.32,2,"Non Ducted"
"aircon",1.32,2,"Non Ducted"
"aircon",2.02,2,"Non Ducted"
"aircon",2.335,1,"Non Ducted"
"aircon",1.3,0,"Non Ducted"
"aircon",1.69,0,"Non Ducted"
"aircon",1.83,0,"Non Ducted"
"aircon",2.64,0,"Non Ducted"
"aircon",3.63,0,"Non Ducted"
"aircon",4.465,0,"Non Ducted"
"aircon",3.27,0,"Non Ducted"
"aircon",1.885,0,"Ducted"
"aircon",1.98,0,"Ducted"
"aircon",2.765,0,"Ducted"
"aircon",3.735,0,"Ducted"
"aircon",4.27,0,"Ducted"
"aircon",5.085,0,"Ducted"
"aircon",1.535,2,"Non Ducted"
"aircon",2.225,0,"Ducted"
"aircon",3.035,0,"Ducted"
"aircon",2.18,1,"Non Ducted"
"aircon",2.995,2,"Non Ducted"
"aircon",3.865,1,"Non Ducted"
"aircon",4.245,1,"Non Ducted"
"aircon",14.7205,0,"Ducted"
"aircon",14.7205,0,"Ducted"
"aircon",14.7205,0,"Ducted"
"aircon",16.802,0,"Ducted"
"aircon",16.802,0,"Ducted"
"aircon",16.802,0,"Ducted"
"aircon",6.475,0,"Ducted"
"aircon",2.165,1,"Non Ducted"
"aircon",2.165,1,"Non Ducted"
"aircon",2.165,1,"Non Ducted"
"aircon",2.165,1,"Non Ducted"
"aircon",2.165,1,"Non Ducted"
"aircon",2.165,1,"Non Ducted"
"aircon",2.165,1,"Non Ducted"
"aircon",2.165,1,"Non Ducted"
"aircon",2.165,1,"Non Ducted"
"aircon",2.165,1,"Non Ducted"
"aircon",2.165,1,"Non Ducted"
"aircon",2.165,1,"Non Ducted"
"aircon",2.165,1,"Non Ducted"
"aircon",2.165,1,"Non Ducted"
"aircon",2.165,1,"Non Ducted"
"aircon",2.165,1,"Non Ducted"
"aircon",2.165,1,"Non Ducted"
"aircon",2.165,1,"Non Ducted"
"aircon",0.595,4,"Non Ducted"
"aircon",2.695,2,"Non Ducted"
"aircon",2.695,0,"Non Ducted"
"aircon",8.53,0,"Ducted"
"aircon",11.285,0,"Ducted"
"aircon",12.57,0,"Ducted"
"aircon",17.305,0,"Ducted"
"aircon",0.625,3,"Non Ducted"
"aircon",0.935,2,"Non Ducted"
"aircon",1.37,2,"Non Ducted"
"aircon",1.565,1,"Non Ducted"
"aircon",3.665,0,"Ducted"
"aircon",2.8,2,"Non Ducted"
"aircon",2.965,0,"Ducted"
"aircon",2.965,0,"Ducted"
"aircon",2.965,0,"Ducted"
"aircon",2.965,0,"Ducted"
"aircon",2.935,0,"Ducted"
"aircon",0.625,3,"Non Ducted"
"aircon",0.63,3,"Non Ducted"
"aircon",2.075,1,"Non Ducted"
"aircon",2.375,1,"Non Ducted"
"aircon",0.85,3,"Non Ducted"
"aircon",0.88,2,"Non Ducted"
"aircon",1.39,2,"Non Ducted"
"aircon",2,2,"Non Ducted"
"aircon",0.875,3,"Non Ducted"
"aircon",2.135,2,"Non Ducted"
"aircon",2.325,2,"Non Ducted"
"aircon",2.42,2,"Non Ducted"
"aircon",1.32,2,"Non Ducted"
"aircon",2.02,2,"Non Ducted"
"aircon",2.335,1,"Non Ducted"
"aircon",1.365,2,"Non Ducted"
"aircon",0.595,4,"Non Ducted"
"aircon",0.875,3,"Non Ducted"
"aircon",1.365,2,"Non Ducted"
"aircon",2.135,2,"Non Ducted"
"aircon",2.42,2,"Non Ducted"
"aircon",2.8,2,"Non Ducted"
"aircon",2.8,2,"Non Ducted"
"aircon",2.8,2,"Non Ducted"
"aircon",0.52,3,"Non Ducted"
"aircon",0.615,2,"Non Ducted"
"aircon",0.72,2,"Non Ducted"
"aircon",0.945,2,"Non Ducted"
"aircon",1.54,1,"Non Ducted"
"aircon",1.675,1,"Non Ducted"
"aircon",2.035,1,"Non Ducted"
"aircon",2.475,1,"Non Ducted"
"aircon",1.535,0,"Non Ducted"
"aircon",1.565,0,"Ducted"
"aircon",2.235,0,"Ducted"
"aircon",2.61,0,"Ducted"
"aircon",2.915,0,"Ducted"
"aircon",1.945,0,"Non Ducted"
"aircon",2.1,0,"Non Ducted"
"aircon",2.93,0,"Non Ducted"
"aircon",3.935,0,"Non Ducted"
"aircon",4.775,0,"Non Ducted"
"aircon",3.715,0,"Ducted"
"aircon",4.445,0,"Ducted"
"aircon",5.12,0,"Ducted"
"aircon",5.12,0,"Ducted"
"aircon",3.84,0,"Ducted"
"aircon",4.3,0,"Ducted"
"aircon",4.715,0,"Ducted"
"aircon",1.575,2,"Non Ducted"
"aircon",2.075,1,"Non Ducted"
"aircon",2.65,2,"Non Ducted"
"aircon",2.95,2,"Non Ducted"
"aircon",3.85,2,"Non Ducted"
"aircon",4.25,1,"Non Ducted"
"aircon",0.615,1,"Non Ducted"
"aircon",0.71,2,"Non Ducted"
"aircon",0.71,2,"Non Ducted"
"aircon",0.86,2,"Non Ducted"
"aircon",2.815,2,"Non Ducted"
"aircon",0.675,0,"Non Ducted"
"aircon",0.925,0,"Non Ducted"
"aircon",0.775,1,"Non Ducted"
"aircon",1.135,1,"Non Ducted"
"aircon",1.525,1,"Non Ducted"
"aircon",1.75,1,"Non Ducted"
"aircon",0.715,3,"Non Ducted"
"aircon",0.715,3,"Non Ducted"
"aircon",0.715,3,"Non Ducted"
"aircon",0.715,3,"Non Ducted"
"aircon",0.715,3,"Non Ducted"
"aircon",0.715,3,"Non Ducted"
"aircon",0.715,3,"Non Ducted"
"aircon",0.715,3,"Non Ducted"
"aircon",0.715,3,"Non Ducted"
"aircon",0.715,3,"Non Ducted"
"aircon",0.715,3,"Non Ducted"
"aircon",0.715,3,"Non Ducted"
"aircon",0.715,3,"Non Ducted"
"aircon",0.715,3,"Non Ducted"
"aircon",0.715,3,"Non Ducted"
"aircon",0.715,3,"Non Ducted"
"aircon",0.715,3,"Non Ducted"
"aircon",0.715,3,"Non Ducted"
"aircon",3.05,0,"Ducted"
"aircon",3.725,0,"Ducted"
"aircon",4.255,0,"Ducted"
"aircon",2.67,0,"Non Ducted"
"aircon",3.065,1,"Non Ducted"
"aircon",0.765,0,"Ducted"
"aircon",13.865,0,"Ducted"
"aircon",1.6,0,"Ducted"
"aircon",0.73,0,"Ducted"
"aircon",1.065,0,"Ducted"
"aircon",0.665,2,"Non Ducted"
"aircon",0.715,3,"Non Ducted"
"aircon",5.64,0,"Ducted"
"aircon",6.01,0,"Ducted"
"aircon",7.04,0,"Ducted"
"aircon",0.61,3,"Non Ducted"
"aircon",0.955,2,"Non Ducted"
"aircon",1.275,2,"Non Ducted"
"aircon",1.565,2,"Non Ducted"
"aircon",3.39,0,"Ducted"
"aircon",4.08,0,"Ducted"
"aircon",4.63,0,"Ducted"
"aircon",5.37,0,"Ducted"
"aircon",3.755,0,"Ducted"
"aircon",0.635,2,"Non Ducted"
"aircon",0.61,3,"Non Ducted"
"aircon",1.035,2,"Non Ducted"
"aircon",1.4,2,"Non Ducted"
"aircon",1.365,2,"Non Ducted"
"aircon",1.515,2,"Non Ducted"
"aircon",8.21,0,"Ducted"
"aircon",8.21,0,"Ducted"
"aircon",8.21,0,"Ducted"
"aircon",8.21,0,"Ducted"
"aircon",12.3655,0,"Ducted"
"aircon",12.3655,0,"Ducted"
"aircon",12.3655,0,"Ducted"
"aircon",12.3655,0,"Ducted"
"aircon",8.61,0,"Ducted"
"aircon",8.61,0,"Ducted"
"aircon",8.35,0,"Ducted"
"aircon",8.35,0,"Ducted"
"aircon",8.35,0,"Ducted"
"aircon",3.98,0,"Non Ducted"
"aircon",3.98,2,"Non Ducted"
"aircon",0.735,3,"Non Ducted"
"aircon",1.52,2,"Non Ducted"
"aircon",0.935,2,"Non Ducted"
"aircon",0.935,2,"Non Ducted"
"aircon",0.935,2,"Non Ducted"
"aircon",0.6875,2,"Non Ducted"
"aircon",8.325,0,"Ducted"
"aircon",9.46,0,"Ducted"
"aircon",11.11,0,"Ducted"
"aircon",1.815,2,"Non Ducted"
"aircon",1.325,0,"Non Ducted"
"aircon",1.49,2,"Non Ducted"
"aircon",1.975,2,"Non Ducted"
"aircon",2.375,2,"Non Ducted"
"aircon",1.565,1,"Non Ducted"
"aircon",1.565,1,"Non Ducted"
"aircon",1.565,1,"Non Ducted"
"aircon",0.625,3,"Non Ducted"
"aircon",0.625,3,"Non Ducted"
"aircon",0.625,3,"Non Ducted"
"aircon",1.37,2,"Non Ducted"
"aircon",1.37,2,"Non Ducted"
"aircon",1.37,2,"Non Ducted"
"aircon",2.19,1,"Non Ducted"
"aircon",1.005,2,"Non Ducted"
"aircon",2.6,0,"Ducted"
"aircon",10.3745,0,"Ducted"
"aircon",10.035,0,"Ducted"
"aircon",10.035,0,"Ducted"
"aircon",10.035,0,"Ducted"
"aircon",9.889,0,"Ducted"
"aircon",9.889,0,"Ducted"
"aircon",9.889,0,"Ducted"
"aircon",1.13,2,"Non Ducted"
"aircon",1.13,2,"Non Ducted"
"aircon",1.13,2,"Non Ducted"
"aircon",1.97,0,"Ducted"
"aircon",2.855,0,"Ducted"
"aircon",2.855,0,"Ducted"
"aircon",20.164,0,"Ducted"
"aircon",0.75,4,"Non Ducted"
"aircon",0.75,4,"Non Ducted"
"aircon",0.75,4,"Non Ducted"
"aircon",0.75,4,"Non Ducted"
"aircon",1.235,3,"Non Ducted"
"aircon",1.235,3,"Non Ducted"
"aircon",1.235,3,"Non Ducted"
"aircon",1.235,3,"Non Ducted"
"aircon",1.655,2,"Non Ducted"
"aircon",1.655,2,"Non Ducted"
"aircon",1.655,2,"Non Ducted"
"aircon",1.655,2,"Non Ducted"
"aircon",0.565,4,"Non Ducted"
"aircon",0.565,4,"Non Ducted"
"aircon",0.565,4,"Non Ducted"
"aircon",0.565,4,"Non Ducted"
"aircon",3.205,2,"Non Ducted"
"aircon",2.475,1,"Non Ducted"
"aircon",2.815,2,"Non Ducted"
"aircon",1.94,2,"Non Ducted"
"aircon",1.94,2,"Non Ducted"
"aircon",1.94,2,"Non Ducted"
"aircon",1.94,2,"Non Ducted"
"aircon",2.375,2,"Non Ducted"
"aircon",2.375,2,"Non Ducted"
"aircon",2.375,2,"Non Ducted"
"aircon",2.375,2,"Non Ducted"
"aircon",3.205,0,"Non Ducted"
"aircon",2.29,3,"Non Ducted"
"aircon",2.29,0,"Non Ducted"
"aircon",1.83,2,"Non Ducted"
"aircon",1.55,2,"Non Ducted"
"aircon",8.781,0,"Ducted"
"aircon",8.781,0,"Ducted"
"aircon",8.781,0,"Ducted"
"aircon",12.625,0,"Ducted"
"aircon",12.625,0,"Ducted"
"aircon",12.625,0,"Ducted"
"aircon",20.325,0,"Ducted"
"aircon",20.325,0,"Ducted"
"aircon",16.886,0,"Ducted"
"aircon",16.886,0,"Ducted"
"aircon",0.655,3,"Non Ducted"
"aircon",0.555,4,"Non Ducted"
"aircon",0.86,3,"Non Ducted"
"aircon",1.44,2,"Non Ducted"
"aircon",2.04,2,"Non Ducted"
"aircon",2.325,2,"Non Ducted"
"aircon",3.19,1,"Non Ducted"
"aircon",1.32,2,"Non Ducted"
"aircon",1.68,2,"Non Ducted"
"aircon",2.065,2,"Non Ducted"
"aircon",2.075,0,"Both"
"aircon",2.75,0,"Both"
"aircon",3.5,0,"Both"
"aircon",4.275,0,"Both"
"aircon",4.75,0,"Both"
"aircon",0.63,3,"Non Ducted"
"aircon",0.63,3,"Non Ducted"
"aircon",0.63,3,"Non Ducted"
"aircon",0.88,2,"Non Ducted"
"aircon",0.88,2,"Non Ducted"
"aircon",0.88,2,"Non Ducted"
"aircon",1.39,2,"Non Ducted"
"aircon",1.39,2,"Non Ducted"
"aircon",1.39,2,"Non Ducted"
"aircon",2,2,"Non Ducted"
"aircon",2,2,"Non Ducted"
"aircon",2,2,"Non Ducted"
"aircon",2.325,2,"Non Ducted"
"aircon",2.325,2,"Non Ducted"
"aircon",2.325,2,"Non Ducted"
"aircon",6.75,0,"Both"
"aircon",9.1,0,"Both"
"aircon",10.435,0,"Both"
"aircon",0.675,3,"Non Ducted"
"aircon",0.84,2,"Non Ducted"
"aircon",1.51,2,"Non Ducted"
"aircon",2.075,1,"Non Ducted"
"aircon",2.375,1,"Non Ducted"
"aircon",4.875,0,"Ducted"
"aircon",3.86,1,"Non Ducted"
"aircon",3.695,1,"Non Ducted"
"aircon",3.695,1,"Non Ducted"
"aircon",3.695,1,"Non Ducted"
"aircon",6.775,0,"Both"
"aircon",2.145,1,"Non Ducted"
"aircon",3.835,1,"Non Ducted"
"aircon",3.79,0,"Ducted"
"aircon",3.065,0,"Ducted"
"aircon",8.9,0,"Both"
"aircon",10.085,0,"Both"
"aircon",0.58,4,"Non Ducted"
"aircon",0.835,3,"Non Ducted"
"aircon",3.14,1,"Non Ducted"
"aircon",2.225,0,"Ducted"
"aircon",3.82,1,"Non Ducted"
"aircon",3.115,1,"Ducted"
"aircon",3.035,0,"Ducted"
"aircon",3.79,2,"Ducted"
"aircon",3.75,0,"Ducted"
"aircon",3.75,0,"Ducted"
"aircon",3.75,0,"Ducted"
"aircon",3.75,0,"Ducted"
"aircon",3.605,2,"Non Ducted"
"aircon",3.84,0,"Ducted"
"aircon",4.29,0,"Ducted"
"aircon",4.65,0,"Ducted"
"aircon",4.275,2,"Ducted"
"aircon",4.8,2,"Ducted"
"aircon",2.26,1,"Ducted"
"aircon",3.03,1,"Ducted"
"aircon",3.865,2,"Ducted"
"aircon",4.37,2,"Ducted"
"aircon",4.8,2,"Ducted"
"aircon",1.76,1,"Ducted"
"aircon",1.65,1,"Ducted"
"aircon",2.26,1,"Ducted"
"aircon",5.145,0,"Ducted"
"aircon",0.675,3,"Non Ducted"
"aircon",0.84,2,"Non Ducted"
"aircon",1.51,2,"Non Ducted"
"aircon",2.075,1,"Non Ducted"
"aircon",2.375,1,"Non Ducted"
"aircon",3.655,0,"Ducted"
"aircon",4.22,0,"Ducted"
"aircon",5,0,"Ducted"
"aircon",0.63,3,"Non Ducted"
"aircon",2.745,0,"Ducted"
"aircon",2.975,0,"Ducted"
"aircon",0.565,4,"Non Ducted"
"aircon",2.1,0,"Ducted"
"aircon",2.55,0,"Ducted"
"aircon",3.245,0,"Ducted"
"aircon",5.545,0,"Ducted"
"aircon",5.545,0,"Ducted"
"aircon",5.545,0,"Ducted"
"aircon",3.84,0,"Ducted"
"aircon",2.725,0,"Non Ducted"
"aircon",3.755,0,"Non Ducted"
"aircon",1.325,0,"Non Ducted"
"aircon",1.89,0,"Non Ducted"
"aircon",2.42,0,"Non Ducted"
"aircon",3.76,0,"Non Ducted"
"aircon",3.64,0,"Non Ducted"
"aircon",4.275,0,"Non Ducted"
"aircon",3,0,"Non Ducted"
"aircon",4.2,0,"Non Ducted"
"aircon",4.2,0,"Non Ducted"
"aircon",2.825,0,"Non Ducted"
"aircon",3.77,0,"Non Ducted"
"aircon",3,0,"Non Ducted"
"aircon",5.545,0,"Ducted"
"aircon",7.195,0,"Ducted"
"aircon",9.1,0,"Ducted"
"aircon",2.045,0,"Non Ducted"
"aircon",1.225,0,"Ducted"
"aircon",1.65,0,"Ducted"
"aircon",6.405,0,"Ducted"
"aircon",4.81,0,"Ducted"
"aircon",4.81,0,"Ducted"
"aircon",4.81,0,"Ducted"
"aircon",4.19,0,"Ducted"
"aircon",4.19,0,"Ducted"
"aircon",4.19,0,"Ducted"
"aircon",2.015,0,"Ducted"
"aircon",12.495,0,"Ducted"
"aircon",3.775,0,"Non Ducted"
"aircon",3.87,0,"Non Ducted"
"aircon",5.5,0,"Ducted"
"aircon",5.5,0,"Ducted"
"aircon",1.065,0,"Ducted"
"aircon",4.285,0,"Ducted"
"aircon",0.49,4,"Non Ducted"
"aircon",5.085,0,"Ducted"
"aircon",2.1,0,"Ducted"
"aircon",3.245,0,"Ducted"
"aircon",3.835,0,"Ducted"
"aircon",4.46,0,"Ducted"
"aircon",5.55,0,"Ducted"
"aircon",7.195,0,"Ducted"
"aircon",9.17,0,"Ducted"
"aircon",2.55,0,"Ducted"
"aircon",0.585,4,"Non Ducted"
"aircon",0.84,3,"Non Ducted"
"aircon",1.305,2,"Non Ducted"
"aircon",1.24,3,"Non Ducted"
"aircon",1.61,2,"Non Ducted"
"aircon",1.955,2,"Non Ducted"
"aircon",2.745,0,"Ducted"
"aircon",2.015,0,"Ducted"
"aircon",2.725,0,"Non Ducted"
"aircon",2.745,0,"Ducted"
"aircon",2.825,0,"Non Ducted"
"aircon",2.085,0,"Non Ducted"
"aircon",3.15,1,"Ducted"
"aircon",4.915,0,"Ducted"
"aircon",4.915,0,"Ducted"
"aircon",3.2,0,"Ducted"
"aircon",4.395,0,"Ducted"
"aircon",5.125,0,"Ducted"
"aircon",8.22,0,"Ducted"
"aircon",3.4595,0,"Ducted"
"aircon",3.4595,0,"Ducted"
"aircon",10.97,0,"Ducted"
"aircon",2.375,0,"Ducted"
"aircon",3.295,0,"Ducted"
"aircon",13.8,0,"Ducted"
"aircon",17.09,0,"Ducted"
"aircon",19.65,0,"Ducted"
"aircon",13.15,0,"Ducted"
"aircon",11.85,0,"Ducted"
"aircon",3.55,0,"Ducted"
"aircon",2.13,0,"Non Ducted"
"aircon",2.45,0,"Ducted"
"aircon",13.3,0,"Ducted"
"aircon",17.195,0,"Ducted"
"aircon",16.995,0,"Ducted"
"aircon",2.395,0,"Ducted"
"aircon",2.395,0,"Ducted"
"aircon",2.395,0,"Ducted"
"aircon",2.805,0,"Ducted"
"aircon",2.805,0,"Ducted"
"aircon",2.805,0,"Ducted"
"aircon",4.515,0,"Ducted"
"aircon",4.515,0,"Ducted"
"aircon",4.515,0,"Ducted"
"aircon",5.33,0,"Ducted"
"aircon",5.33,0,"Ducted"
"aircon",5.33,0,"Ducted"
"aircon",6.345,0,"Ducted"
"aircon",6.345,0,"Ducted"
"aircon",6.345,0,"Ducted"
"aircon",7.45,0,"Ducted"
"aircon",7.45,0,"Ducted"
"aircon",7.45,0,"Ducted"
"aircon",9.555,0,"Ducted"
"aircon",9.555,0,"Ducted"
"aircon",9.555,0,"Ducted"
"aircon",10.9,0,"Ducted"
"aircon",10.9,0,"Ducted"
"aircon",10.9,0,"Ducted"
"aircon",12.45,0,"Ducted"
"aircon",12.45,0,"Ducted"
"aircon",12.45,0,"Ducted"
"aircon",15.83,0,"Ducted"
"aircon",15.83,0,"Ducted"
"aircon",15.83,0,"Ducted"
"aircon",14.35,0,"Ducted"
"aircon",14.35,0,"Ducted"
"aircon",14.35,0,"Ducted"
"aircon",18.15,0,"Ducted"
"aircon",18.15,0,"Ducted"
"aircon",18.15,0,"Ducted"
"aircon",3.55,0,"Ducted"
"aircon",3.975,0,"Ducted"
"aircon",3.975,0,"Ducted"
"aircon",0.68,3,"Non Ducted"
"aircon",2.335,1,"Non Ducted"
"aircon",0.97,2,"Non Ducted"
"aircon",3.77,0,"Non Ducted"
"aircon",4.2,0,"Non Ducted"
"aircon",3.755,0,"Non Ducted"
"aircon",4.2,0,"Non Ducted"
"aircon",0.61,3,"Non Ducted"
"aircon",0.85,3,"Non Ducted"
"aircon",1.32,2,"Non Ducted"
"aircon",5.51,0,"Ducted"
"aircon",5.51,0,"Ducted"
"aircon",5.51,0,"Ducted"
"aircon",2.4,2,"Non Ducted"
"aircon",2.81,2,"Non Ducted"
"aircon",4.275,1,"Non Ducted"
"aircon",1.55,2,"Non Ducted"
"aircon",4.91,0,"Ducted"
"aircon",4.175,0,"Ducted"
"aircon",2.96,2,"Non Ducted"
"aircon",4.695,0,"Ducted"
"aircon",0.84,2,"Non Ducted"
"aircon",2.075,1,"Non Ducted"
"aircon",2.375,1,"Non Ducted"
"aircon",3.5445,0,"Ducted"
"aircon",3.5445,0,"Ducted"
"aircon",4.3615,0,"Ducted"
"aircon",4.3615,0,"Ducted"
"aircon",4.9545,0,"Ducted"
"aircon",4.9545,0,"Ducted"
"aircon",3.4905,0,"Ducted"
"aircon",4.3905,0,"Ducted"
"aircon",4.3905,0,"Ducted"
"aircon",5.527,0,"Ducted"
"aircon",5.527,0,"Ducted"
"aircon",5.527,0,"Ducted"
"aircon",2.275,1,"Non Ducted"
"aircon",0.744,2,"Non Ducted"
"aircon",1.065,0,"Ducted"
"aircon",1.215,0,"Ducted"
"aircon",1.64,0,"Ducted"
"aircon",2.115,0,"Ducted"
"aircon",2.595,0,"Ducted"
"aircon",3.275,0,"Ducted"
"aircon",3.87,0,"Ducted"
"aircon",4.175,0,"Ducted"
"aircon",5,0,"Ducted"
"aircon",0.53,3,"Non Ducted"
"aircon",0.62,3,"Non Ducted"
"aircon",0.705,2,"Non Ducted"
"aircon",0.895,3,"Non Ducted"
"aircon",1.995,0,"Ducted"
"aircon",1.995,0,"Ducted"
"aircon",2.385,0,"Ducted"
"aircon",2.385,0,"Ducted"
"aircon",2.865,0,"Ducted"
"aircon",2.865,0,"Ducted"
"aircon",2.865,0,"Ducted"
"aircon",3.595,0,"Ducted"
"aircon",3.595,0,"Ducted"
"aircon",3.595,0,"Ducted"
"aircon",4.515,0,"Ducted"
"aircon",4.515,0,"Ducted"
"aircon",4.515,0,"Ducted"
"aircon",5.33,0,"Ducted"
"aircon",5.33,0,"Ducted"
"aircon",5.33,0,"Ducted"
"aircon",6.345,0,"Ducted"
"aircon",6.345,0,"Ducted"
"aircon",7.45,0,"Ducted"
"aircon",7.45,0,"Ducted"
"aircon",9.62,0,"Ducted"
"aircon",9.62,0,"Ducted"
"aircon",10.9,0,"Ducted"
"aircon",10.9,0,"Ducted"
"aircon",12.45,0,"Ducted"
"aircon",12.45,0,"Ducted"
"aircon",14.35,0,"Ducted"
"aircon",14.35,0,"Ducted"
"aircon",15.8,0,"Ducted"
"aircon",15.8,0,"Ducted"
"aircon",18.15,0,"Ducted"
"aircon",18.15,0,"Ducted"
"aircon",1.31,2,"Non Ducted"
"aircon",1.395,2,"Non Ducted"
"aircon",1.71,2,"Non Ducted"
"aircon",1.55,1,"Non Ducted"
"aircon",6.665,0,"Ducted"
"aircon",3.595,0,"Ducted"
"aircon",0.995,2,"Non Ducted"
"aircon",3.845,2,"Ducted"
"aircon",3.115,0,"Ducted"
"aircon",2.195,1,"Ducted"
"aircon",4.275,2,"Ducted"
"aircon",4.8,2,"Ducted"
"aircon",0.7,2,"Non Ducted"
"aircon",0.945,2,"Non Ducted"
"aircon",1.505,2,"Non Ducted"
"aircon",1.87,1,"Non Ducted"
"aircon",2.125,1,"Non Ducted"
"aircon",11.135,0,"Ducted"
"aircon",1.54,2,"Non Ducted"
"aircon",11.2,0,"Ducted"
"aircon",2.8,2,"Non Ducted"
"aircon",2.75,2,"Non Ducted"
"aircon",2.75,2,"Non Ducted"
"aircon",2.75,2,"Non Ducted"
"aircon",3.605,2,"Non Ducted"
"aircon",2.57,1,"Non Ducted"
"aircon",3.735,0,"Ducted"
"aircon",3.735,0,"Ducted"
"aircon",4.21,0,"Ducted"
"aircon",4.21,0,"Ducted"
"aircon",4.82,0,"Ducted"
"aircon",4.82,0,"Ducted"
"aircon",2.04,0,"Ducted"
"aircon",0.8,0,"Ducted"
"aircon",1.085,0,"Ducted"
"aircon",1.61,0,"Ducted"
"aircon",0.48,4,"Non Ducted"
"aircon",0.56,4,"Non Ducted"
"aircon",0.87,3,"Non Ducted"
"aircon",1.205,2,"Non Ducted"
"aircon",1.22,3,"Non Ducted"
"aircon",1.68,2,"Non Ducted"
"aircon",2.04,2,"Non Ducted"
"aircon",2.365,2,"Non Ducted"
"aircon",3.02,0,"Ducted"
"aircon",3.02,0,"Ducted"
"aircon",3.02,0,"Ducted"
"aircon",0.75,4,"Non Ducted"
"aircon",1.13,2,"Non Ducted"
"aircon",1.235,3,"Non Ducted"
"aircon",1.655,2,"Non Ducted"
"aircon",1.94,2,"Non Ducted"
"aircon",2.375,2,"Non Ducted"
"aircon",1.795,1,"Non Ducted"
"aircon",1.795,1,"Non Ducted"
"aircon",1.795,1,"Non Ducted"
"aircon",1.55,1,"Non Ducted"
"aircon",1.55,1,"Non Ducted"
"aircon",1.55,1,"Non Ducted"
"aircon",2.86,2,"Non Ducted"
"aircon",4.23,2,"Non Ducted"
"aircon",3.05,1,"Non Ducted"
"aircon",2.545,2,"Non Ducted"
"aircon",2.13,2,"Non Ducted"
"aircon",1.045,2,"Non Ducted"
"aircon",1.865,2,"Non Ducted"
"aircon",2.17,1,"Non Ducted"
"aircon",1.585,2,"Non Ducted"
"aircon",0.625,3,"Non Ducted"
"aircon",0.87,3,"Non Ducted"
"aircon",1.35,2,"Non Ducted"
"aircon",2.04,2,"Non Ducted"
"aircon",2.4,1,"Non Ducted"
"aircon",0.665,2,"Non Ducted"
"aircon",0.865,3,"Non Ducted"
"aircon",0.58,4,"Non Ducted"
"aircon",0.52,3,"Non Ducted"
"aircon",1.925,2,"Non Ducted"
"aircon",1.925,2,"Non Ducted"
"aircon",1.925,2,"Non Ducted"
"aircon",3.425,2,"Non Ducted"
"aircon",4.23,2,"Non Ducted"
"aircon",0.76,1,"Non Ducted"
"aircon",1.17,1,"Non Ducted"
"aircon",0.69,2,"Non Ducted"
"aircon",1.49,1,"Non Ducted"
"aircon",2.865,0,"Ducted"
"aircon",3.52,0,"Ducted"
"aircon",2.705,0,"Ducted"
"aircon",3.75,0,"Ducted"
"aircon",2.275,0,"Non Ducted"
"aircon",3.185,0,"Non Ducted"
"aircon",2.42,0,"Non Ducted"
"aircon",3.76,0,"Non Ducted"
"aircon",17.155,0,"Ducted"
"aircon",6.7,0,"Ducted"
"aircon",0.69,2,"Non Ducted"
"aircon",1.49,2,"Non Ducted"
"aircon",3.855,0,"Non Ducted"
"aircon",2.22,0,"Ducted"
"aircon",2.22,0,"Ducted"
"aircon",2.22,0,"Ducted"
"aircon",2.22,0,"Ducted"
"aircon",2.22,0,"Ducted"
"aircon",4.425,0,"Ducted"
"aircon",0.675,3,"Non Ducted"
"aircon",0.84,2,"Non Ducted"
"aircon",1.51,2,"Non Ducted"
"aircon",2.075,1,"Non Ducted"
"aircon",2.375,1,"Non Ducted"
"aircon",0.76,1,"Non Ducted"
"aircon",1.17,1,"Non Ducted"
"aircon",0.63,1,"Non Ducted"
"aircon",13.39,0,"Ducted"
"aircon",0.9725,0,"Non Ducted"
"aircon",19.26,0,"Ducted"
"aircon",19.65,0,"Ducted"
"aircon",0.845,0,"Non Ducted"
"aircon",0.74,0,"Non Ducted"
"aircon",0.565,0,"Non Ducted"
"aircon",0.68,3,"Non Ducted"
"aircon",0.96,2,"Non Ducted"
"aircon",1.575,1,"Non Ducted"
"aircon",1.915,1,"Non Ducted"
"aircon",1.285,3,"Non Ducted"
"aircon",1.535,2,"Non Ducted"
"aircon",0.64,1,"Non Ducted"
"aircon",1.42,1,"Non Ducted"
"aircon",1.905,1,"Non Ducted"
"aircon",1.51,2,"Non Ducted"
"aircon",2.715,0,"Ducted"
"aircon",2.715,0,"Ducted"
"aircon",2.715,0,"Ducted"
"aircon",3.575,0,"Ducted"
"aircon",3.575,0,"Ducted"
"aircon",3.575,0,"Ducted"
"aircon",2.375,1,"Non Ducted"
"aircon",1.88,1,"Non Ducted"
"aircon",0.665,2,"Non Ducted"
"aircon",0.705,2,"Non Ducted"
"aircon",0.935,2,"Non Ducted"
"aircon",1.49,1,"Non Ducted"
"aircon",1.02,2,"Non Ducted"
"aircon",1.49,2,"Non Ducted"
"aircon",0.675,2,"Non Ducted"
"aircon",2.35,1,"Non Ducted"
"aircon",1.535,2,"Non Ducted"
"aircon",9.04,0,"Ducted"
"aircon",5.6,0,"Ducted"
"aircon",6.1515,0,"Ducted"
"aircon",0.615,1,"Non Ducted"
"aircon",0.775,1,"Non Ducted"
"aircon",0.76,1,"Non Ducted"
"aircon",1.135,1,"Non Ducted"
"aircon",1.525,1,"Non Ducted"
"aircon",1.75,1,"Non Ducted"
"aircon",1.17,1,"Non Ducted"
"aircon",8.42,0,"Ducted"
"aircon",13.35,0,"Ducted"
"aircon",13.35,0,"Ducted"
"aircon",13.35,0,"Ducted"
"aircon",16.925,0,"Ducted"
"aircon",16.925,0,"Ducted"
"aircon",16.925,0,"Ducted"
"aircon",5.655,0,"Ducted"
"aircon",1.04,1,"Non Ducted"
"aircon",0.9275,2,"Non Ducted"
"aircon",8.105,0,"Ducted"
"aircon",8.105,0,"Ducted"
"aircon",8.105,0,"Ducted"
"aircon",0.59,3,"Non Ducted"
"aircon",0.59,3,"Non Ducted"
"aircon",0.59,3,"Non Ducted"
"aircon",0.59,3,"Non Ducted"
"aircon",0.59,3,"Non Ducted"
"aircon",0.59,3,"Non Ducted"
"aircon",0.86,2,"Non Ducted"
"aircon",0.86,2,"Non Ducted"
"aircon",0.86,2,"Non Ducted"
"aircon",0.86,2,"Non Ducted"
"aircon",0.86,2,"Non Ducted"
"aircon",0.86,2,"Non Ducted"
"aircon",2,2,"Non Ducted"
"aircon",2,2,"Non Ducted"
"aircon",2,2,"Non Ducted"
"aircon",2,2,"Non Ducted"
"aircon",2,2,"Non Ducted"
"aircon",2,2,"Non Ducted"
"aircon",2.345,1,"Non Ducted"
"aircon",2.345,1,"Non Ducted"
"aircon",2.345,1,"Non Ducted"
"aircon",2.345,1,"Non Ducted"
"aircon",2.345,1,"Non Ducted"
"aircon",2.345,1,"Non Ducted"
"aircon",1.465,2,"Non Ducted"
"aircon",1.465,2,"Non Ducted"
"aircon",1.465,2,"Non Ducted"
"aircon",1.465,2,"Non Ducted"
"aircon",1.465,2,"Non Ducted"
"aircon",1.465,2,"Non Ducted"
"aircon",2.07,0,"Ducted"
"aircon",2.07,0,"Ducted"
"aircon",0.715,2,"Non Ducted"
"aircon",1.015,2,"Non Ducted"
"aircon",1.555,1,"Non Ducted"
"aircon",1.815,1,"Non Ducted"
"aircon",1.54,0,"Non Ducted"
"aircon",1.72,0,"Non Ducted"
"aircon",2.165,0,"Non Ducted"
"aircon",0.77,0,"Ducted"
"aircon",0.77,0,"Ducted"
"aircon",1.09,0,"Ducted"
"aircon",1.09,0,"Ducted"
"aircon",1.59,0,"Ducted"
"aircon",1.59,0,"Ducted"
"aircon",1.92,0,"Ducted"
"aircon",1.92,0,"Ducted"
"aircon",2.295,0,"Ducted"
"aircon",2.295,0,"Ducted"
"aircon",1.135,1,"Non Ducted"
"aircon",1.135,1,"Non Ducted"
"aircon",1.135,1,"Non Ducted"
"aircon",0.619,1,"Non Ducted"
"aircon",0.619,1,"Non Ducted"
"aircon",0.619,1,"Non Ducted"
"aircon",1.775,2,"Non Ducted"
"aircon",0.59,3,"Non Ducted"
"aircon",0.86,2,"Non Ducted"
"aircon",1.465,2,"Non Ducted"
"aircon",2,2,"Non Ducted"
"aircon",2.345,1,"Non Ducted"
"aircon",0.76,1,"Non Ducted"
"aircon",1.17,1,"Non Ducted"
"aircon",7.325,0,"Ducted"
"aircon",7.02,0,"Ducted"
"aircon",0.745,1,"Non Ducted"
"aircon",5.81,0,"Ducted"
"aircon",6.305,0,"Ducted"
"aircon",7.28,0,"Ducted"
"aircon",0.615,1,"Non Ducted"
"aircon",0.765,1,"Non Ducted"
"aircon",1.135,1,"Non Ducted"
"aircon",1.525,1,"Non Ducted"
"aircon",1.75,1,"Non Ducted"
"aircon",0.9505,2,"Non Ducted"
"aircon",1.525,1,"Non Ducted"
"aircon",2.1,1,"Non Ducted"
"aircon",1.775,2,"Non Ducted"
"aircon",1.895,0,"Ducted"
"aircon",1.99,0,"Ducted"
"aircon",1.365,3,"Non Ducted"
"aircon",1.365,3,"Non Ducted"
"aircon",1.455,0,"Ducted"
"aircon",1.695,0,"Ducted"
"aircon",1.95,0,"Ducted"
"aircon",2.25,0,"Ducted"
"aircon",3.08,0,"Ducted"
"aircon",4.03,0,"Ducted"
"aircon",4.5,0,"Ducted"
"aircon",3.08,0,"Ducted"
"aircon",4.03,0,"Ducted"
"aircon",4.5,0,"Ducted"
"aircon",1.675,0,"Ducted"
"aircon",2.565,0,"Non Ducted"
"aircon",3.62,0,"Non Ducted"
"aircon",4.505,0,"Non Ducted"
"aircon",2.565,2,"Non Ducted"
"aircon",3.62,2,"Non Ducted"
"aircon",4.505,1,"Non Ducted"
"aircon",4.64,0,"Ducted"
"aircon",0.76,1,"Non Ducted"
"aircon",2.44,2,"Non Ducted"
"aircon",2.44,0,"Non Ducted"
"aircon",2.655,2,"Non Ducted"
"aircon",2.655,0,"Non Ducted"
"aircon",3.575,0,"Non Ducted"
"aircon",2.025,0,"Non Ducted"
"aircon",2.325,2,"Non Ducted"
"aircon",2.555,2,"Non Ducted"
"aircon",3.79,0,"Ducted"
"aircon",3.79,0,"Ducted"
"aircon",3.79,0,"Ducted"
"aircon",2.785,0,"Ducted"
"aircon",2.525,0,"Ducted"
"aircon",3.155,2,"Non Ducted"
"aircon",3.485,2,"Non Ducted"
"aircon",3.46,0,"Ducted"
"aircon",3.33,0,"Ducted"
"aircon",3.845,2,"Non Ducted"
"aircon",4.05,1,"Non Ducted"
"aircon",4.135,0,"Ducted"
"aircon",4.045,0,"Ducted"
"aircon",2.325,0,"Non Ducted"
"aircon",2.555,0,"Non Ducted"
"aircon",2.785,0,"Ducted"
"aircon",2.525,0,"Ducted"
"aircon",3.155,0,"Non Ducted"
"aircon",3.485,0,"Non Ducted"
"aircon",3.46,0,"Ducted"
"aircon",3.33,0,"Ducted"
"aircon",3.845,0,"Non Ducted"
"aircon",4.05,0,"Non Ducted"
"aircon",4.135,0,"Ducted"
"aircon",4.045,0,"Ducted"
"aircon",16.07,0,"Ducted"
"aircon",16.915,0,"Ducted"
"aircon",1.83,2,"Non Ducted"
"aircon",1.55,2,"Non Ducted"
"aircon",2.29,0,"Non Ducted"
"aircon",2.29,3,"Non Ducted"
"aircon",3.205,0,"Non Ducted"
"aircon",3.98,2,"Non Ducted"
"aircon",3.98,0,"Non Ducted"
"aircon",1.615,2,"Non Ducted"
"aircon",1.93,2,"Non Ducted"
"aircon",1.965,0,"Ducted"
"aircon",2.52,0,"Ducted"
"aircon",3.525,0,"Ducted"
"aircon",4.375,0,"Ducted"
"aircon",2.52,0,"Ducted"
"aircon",3.525,0,"Ducted"
"aircon",4.375,0,"Ducted"
"aircon",3.205,2,"Non Ducted"
"aircon",6.05,0,"Ducted"
"aircon",0.835,3,"Non Ducted"
"aircon",0.58,4,"Non Ducted"
"aircon",2.065,2,"Non Ducted"
"aircon",1.32,2,"Non Ducted"
"aircon",1.68,2,"Non Ducted"
"aircon",4.95,0,"Ducted"
"aircon",0.59,3,"Non Ducted"
"aircon",0.86,2,"Non Ducted"
"aircon",1.465,2,"Non Ducted"
"aircon",2,2,"Non Ducted"
"aircon",2.345,1,"Non Ducted"
"aircon",0.655,1,"Non Ducted"
"aircon",3.375,0,"Ducted"
"aircon",4,0,"Ducted"
"aircon",4.75,0,"Ducted"
"aircon",1.62,0,"Ducted"
"aircon",5.55,0,"Ducted"
"aircon",6.55,0,"Ducted"
"aircon",6.75,0,"Ducted"
"aircon",8.4,0,"Ducted"
"aircon",4.64,0,"Ducted"
"aircon",4.64,0,"Ducted"
"aircon",4.64,0,"Ducted"
"aircon",9.556,0,"Ducted"
"aircon",11.595,0,"Ducted"
"aircon",12.815,0,"Ducted"
"aircon",16.644,0,"Ducted"
"aircon",18.74,0,"Ducted"
"aircon",8.325,0,"Ducted"
"aircon",9.46,0,"Ducted"
"aircon",11.11,0,"Ducted"
"aircon",3.375,0,"Ducted"
"aircon",1.44,0,"Ducted"
"aircon",1.48,2,"Non Ducted"
"aircon",1.825,0,"Ducted"
"aircon",2.23,0,"Ducted"
"aircon",1.525,0,"Non Ducted"
"aircon",0.52,4,"Non Ducted"
"aircon",0.74,4,"Non Ducted"
"aircon",1.205,3,"Non Ducted"
"aircon",1.855,2,"Non Ducted"
"aircon",1.875,0,"Non Ducted"
"aircon",1.815,2,"Non Ducted"
"aircon",2.015,2,"Non Ducted"
"aircon",2.41,2,"Non Ducted"
"aircon",1.28,3,"Non Ducted"
"aircon",1.655,2,"Non Ducted"
"aircon",1.98,2,"Non Ducted"
"aircon",2.41,2,"Non Ducted"
"aircon",0.615,3,"Non Ducted"
"aircon",0.59,3,"Non Ducted"
"aircon",0.92,2,"Non Ducted"
"aircon",0.56,4,"Non Ducted"
"aircon",0.8,3,"Non Ducted"
"aircon",4,0,"Ducted"
"aircon",4.75,0,"Ducted"
"aircon",5.55,0,"Ducted"
"aircon",6.55,0,"Ducted"
"aircon",1.605,0,"Ducted"
"aircon",6.75,0,"Ducted"
"aircon",8.402,0,"Ducted"
"aircon",11.595,0,"Ducted"
"aircon",12.821,0,"Ducted"
"aircon",16.61,0,"Ducted"
"aircon",18.74,0,"Ducted"
"aircon",9.56,0,"Ducted"
"aircon",2.43,0,"Ducted"
"aircon",2.735,0,"Ducted"
"aircon",2.735,0,"Ducted"
"aircon",6.75,0,"Ducted"
"aircon",8.51,0,"Ducted"
"aircon",9.41,0,"Ducted"
"aircon",11.055,0,"Ducted"
"aircon",1.54,0,"Ducted"
"aircon",12.79,0,"Ducted"
"aircon",1.93,0,"Ducted"
"aircon",6.75,0,"Ducted"
"aircon",8.512,0,"Ducted"
"aircon",9.41,0,"Ducted"
"aircon",11.055,0,"Ducted"
"aircon",12.79,0,"Ducted"
"aircon",8.512,0,"Ducted"
"aircon",9.41,0,"Ducted"
"aircon",4.385,0,"Ducted"
"aircon",11.405,0,"Ducted"
"aircon",12.79,0,"Ducted"
"aircon",0.66,2,"Non Ducted"
"aircon",6.75,0,"Ducted"
"aircon",0.695,2,"Non Ducted"
"aircon",0.695,2,"Non Ducted"
"aircon",0.695,2,"Non Ducted"
"aircon",0.695,2,"Non Ducted"
"aircon",0.695,2,"Non Ducted"
"aircon",0.695,2,"Non Ducted"
"aircon",0.695,2,"Non Ducted"
"aircon",0.695,2,"Non Ducted"
"aircon",0.695,2,"Non Ducted"
"aircon",0.695,2,"Non Ducted"
"aircon",0.695,2,"Non Ducted"
"aircon",0.695,2,"Non Ducted"
"aircon",0.695,2,"Non Ducted"
"aircon",0.695,2,"Non Ducted"
"aircon",0.695,2,"Non Ducted"
"aircon",0.695,2,"Non Ducted"
"aircon",0.695,2,"Non Ducted"
"aircon",0.695,2,"Non Ducted"
"aircon",0.695,2,"Non Ducted"
"aircon",0.695,2,"Non Ducted"
"aircon",0.695,2,"Non Ducted"
"aircon",0.575,4,"Non Ducted"
"aircon",1.04,1,"Non Ducted"
"aircon",0.655,1,"Non Ducted"
"aircon",12.65,0,"Ducted"
"aircon",13.76,0,"Ducted"
"aircon",3.02,0,"Ducted"
"aircon",0.68,0,"Ducted"
"aircon",0.995,0,"Ducted"
"aircon",3.375,0,"Ducted"
"aircon",4.05,0,"Ducted"
"aircon",4.8,0,"Ducted"
"aircon",5.65,0,"Ducted"
"aircon",6.575,0,"Ducted"
"aircon",1.89,1,"Non Ducted"
"aircon",1.495,2,"Non Ducted"
"aircon",1.335,2,"Non Ducted"
"aircon",1.025,2,"Non Ducted"
"aircon",0.65,3,"Non Ducted"
"aircon",2.51,1,"Non Ducted"
"aircon",2.16,2,"Non Ducted"
"aircon",0.54,3,"Non Ducted"
"aircon",2.03,1,"Non Ducted"
"aircon",0.785,3,"Non Ducted"
"aircon",1.21,3,"Non Ducted"
"aircon",1.8,2,"Non Ducted"
"aircon",0.66,3,"Non Ducted"
"aircon",0.96,2,"Non Ducted"
"aircon",1.45,1,"Non Ducted"
"aircon",1.775,1,"Non Ducted"
"aircon",1.225,3,"Non Ducted"
"aircon",1.58,3,"Non Ducted"
"aircon",1.94,2,"Non Ducted"
"aircon",2.25,2,"Non Ducted"
"aircon",2.71,2,"Non Ducted"
"aircon",2.03,0,"Ducted"
"aircon",11.205,0,"Ducted"
"aircon",6.03,0,"Ducted"
"aircon",0.835,2,"Non Ducted"
"aircon",1.155,2,"Non Ducted"
"aircon",0.6,4,"Non Ducted"
"aircon",0.595,4,"Non Ducted"
"aircon",0.595,4,"Non Ducted"
"aircon",0.595,4,"Non Ducted"
"aircon",0.875,3,"Non Ducted"
"aircon",0.875,3,"Non Ducted"
"aircon",0.875,3,"Non Ducted"
"aircon",1.365,2,"Non Ducted"
"aircon",1.365,2,"Non Ducted"
"aircon",1.365,2,"Non Ducted"
"aircon",2.135,2,"Non Ducted"
"aircon",2.135,2,"Non Ducted"
"aircon",2.135,2,"Non Ducted"
"aircon",2.705,2,"Non Ducted"
"aircon",2.705,2,"Non Ducted"
"aircon",2.705,2,"Non Ducted"
"aircon",0.595,4,"Non Ducted"
"aircon",0.595,4,"Non Ducted"
"aircon",0.595,4,"Non Ducted"
"aircon",0.875,3,"Non Ducted"
"aircon",0.875,3,"Non Ducted"
"aircon",0.875,3,"Non Ducted"
"aircon",1.012,0,"Ducted"
"aircon",1.012,0,"Ducted"
"aircon",1.012,0,"Ducted"
"aircon",1.67,0,"Ducted"
"aircon",1.67,0,"Ducted"
"aircon",1.67,0,"Ducted"
"aircon",1.99,0,"Ducted"
"aircon",1.99,0,"Ducted"
"aircon",1.99,0,"Ducted"
"aircon",1.365,2,"Non Ducted"
"aircon",1.365,2,"Non Ducted"
"aircon",1.365,2,"Non Ducted"
"aircon",2.135,2,"Non Ducted"
"aircon",2.135,2,"Non Ducted"
"aircon",2.135,2,"Non Ducted"
"aircon",2.705,2,"Non Ducted"
"aircon",2.705,2,"Non Ducted"
"aircon",2.705,2,"Non Ducted"
"aircon",0.58,4,"Non Ducted"
"aircon",0.865,3,"Non Ducted"
"aircon",0.575,4,"Non Ducted"
"aircon",0.575,4,"Non Ducted"
"aircon",0.575,4,"Non Ducted"
"aircon",0.695,2,"Non Ducted"
"aircon",0.81,3,"Non Ducted"
"aircon",0.81,3,"Non Ducted"
"aircon",0.81,3,"Non Ducted"
"aircon",2.375,1,"Ducted"
"aircon",2.98,1,"Ducted"
"aircon",1.405,2,"Non Ducted"
"aircon",1.405,2,"Non Ducted"
"aircon",1.405,2,"Non Ducted"
"aircon",1.855,2,"Non Ducted"
"aircon",1.855,2,"Non Ducted"
"aircon",1.855,2,"Non Ducted"
"aircon",5.71,0,"Ducted"
"aircon",6.125,0,"Ducted"
"aircon",7.805,0,"Ducted"
"aircon",2.45,0,"Ducted"
"aircon",2.925,0,"Ducted"
"aircon",3.575,0,"Ducted"
"aircon",4.64,0,"Ducted"
"aircon",7.07,0,"Ducted"
"aircon",2,2,"Non Ducted"
"aircon",0.59,3,"Non Ducted"
"aircon",1.465,2,"Non Ducted"
"aircon",0.59,3,"Non Ducted"
"aircon",4.78,0,"Ducted"
"aircon",6.03,0,"Ducted"
"aircon",7.755,0,"Ducted"
"aircon",10.89,0,"Ducted"
"aircon",13.25,0,"Ducted"
"aircon",16.345,0,"Ducted"
"aircon",19.555,0,"Ducted"
"aircon",0.86,2,"Non Ducted"
"aircon",1.465,2,"Non Ducted"
"aircon",2,2,"Non Ducted"
"aircon",2.345,1,"Non Ducted"
"aircon",7.07,0,"Ducted"
"aircon",0.71,2,"Non Ducted"
"aircon",0.86,2,"Non Ducted"
"aircon",1.5,1,"Non Ducted"
"aircon",2.1,1,"Non Ducted"
"aircon",0.65,2,"Non Ducted"
"aircon",0.65,2,"Non Ducted"
"aircon",0.65,2,"Non Ducted"
"aircon",0.65,2,"Non Ducted"
"aircon",0.65,2,"Non Ducted"
"aircon",0.65,2,"Non Ducted"
"aircon",0.64,1,"Non Ducted"
"aircon",0.64,1,"Non Ducted"
"aircon",0.64,1,"Non Ducted"
"aircon",0.64,1,"Non Ducted"
"aircon",0.64,1,"Non Ducted"
"aircon",0.64,1,"Non Ducted"
"aircon",0.64,1,"Non Ducted"
"aircon",0.64,1,"Non Ducted"
"aircon",3.715,0,"Ducted"
"aircon",3.715,0,"Ducted"
"aircon",4.445,0,"Ducted"
"aircon",4.445,0,"Ducted"
"aircon",5.12,0,"Ducted"
"aircon",5.12,0,"Ducted"
"aircon",5.12,0,"Ducted"
"aircon",0.54,4,"Non Ducted"
"aircon",0.54,4,"Non Ducted"
"aircon",0.54,4,"Non Ducted"
"aircon",0.54,4,"Non Ducted"
"aircon",0.84,3,"Non Ducted"
"aircon",0.84,3,"Non Ducted"
"aircon",0.84,3,"Non Ducted"
"aircon",0.84,3,"Non Ducted"
"aircon",1.4,2,"Non Ducted"
"aircon",2.185,2,"Non Ducted"
"aircon",2.12,1,"Non Ducted"
"aircon",1.43,2,"Non Ducted"
"aircon",1.43,2,"Non Ducted"
"aircon",1.43,2,"Non Ducted"
"aircon",1.43,2,"Non Ducted"
"aircon",1.765,2,"Non Ducted"
"aircon",1.765,2,"Non Ducted"
"aircon",1.765,2,"Non Ducted"
"aircon",1.765,2,"Non Ducted"
"aircon",2.195,0,"Ducted"
"aircon",3.18,0,"Ducted"
"aircon",0.52,5,"Non Ducted"
"aircon",3.845,0,"Ducted"
"aircon",4.275,0,"Ducted"
"aircon",4.8,0,"Ducted"
"aircon",2.69,2,"Non Ducted"
"aircon",0.635,3,"Non Ducted"
"aircon",2.505,2,"Non Ducted"
"aircon",1.565,2,"Non Ducted"
"aircon",0.955,2,"Non Ducted"
"aircon",0.645,3,"Non Ducted"
"aircon",1.765,2,"Non Ducted"
"aircon",2.12,2,"Non Ducted"
"aircon",1.4,2,"Non Ducted"
"aircon",0.91,3,"Non Ducted"
"aircon",1.3,2,"Non Ducted"
"aircon",1.25,3,"Non Ducted"
"aircon",3.735,0,"Ducted"
"aircon",0.86,2,"Non Ducted"
"aircon",1.465,2,"Non Ducted"
"aircon",2,2,"Non Ducted"
"aircon",1.44,2,"Non Ducted"
"aircon",1.44,2,"Non Ducted"
"aircon",1.44,2,"Non Ducted"
"aircon",1.44,2,"Non Ducted"
"aircon",0.76,1,"Non Ducted"
"aircon",2.135,0,"Ducted"
"aircon",1.52,0,"Ducted"
"aircon",2.62,0,"Ducted"
"aircon",1.17,1,"Non Ducted"
"aircon",1.775,2,"Non Ducted"
"aircon",2.15,2,"Non Ducted"
"aircon",2.69,2,"Non Ducted"
"aircon",3.355,0,"Ducted"
"aircon",1.775,2,"Non Ducted"
"aircon",2.2,2,"Non Ducted"
"aircon",7.8045,0,"Ducted"
"aircon",3.09,0,"Ducted"
"aircon",2.825,0,"Ducted"
"aircon",5.025,0,"Ducted"
"aircon",6.525,0,"Ducted"
"aircon",2.505,1,"Non Ducted"
"aircon",2.505,1,"Non Ducted"
"aircon",2.505,1,"Non Ducted"
"aircon",2.505,1,"Non Ducted"
"aircon",2.505,1,"Non Ducted"
"aircon",2.505,1,"Non Ducted"
"aircon",2.505,1,"Non Ducted"
"aircon",2.505,1,"Non Ducted"
"aircon",2.505,1,"Non Ducted"
"aircon",2.505,1,"Non Ducted"
"aircon",2.505,1,"Non Ducted"
"aircon",2.505,1,"Non Ducted"
"aircon",2.505,1,"Non Ducted"
"aircon",2.505,1,"Non Ducted"
"aircon",2.505,1,"Non Ducted"
"aircon",2.505,1,"Non Ducted"
"aircon",2.505,1,"Non Ducted"
"aircon",2.505,1,"Non Ducted"
"aircon",2.505,1,"Non Ducted"
"aircon",2.505,1,"Non Ducted"
"aircon",2.505,1,"Non Ducted"
"aircon",2.505,1,"Non Ducted"
"aircon",2.505,1,"Non Ducted"
"aircon",2.505,1,"Non Ducted"
"aircon",2.505,1,"Non Ducted"
"aircon",2.505,1,"Non Ducted"
"aircon",2.505,1,"Non Ducted"
"aircon",2.505,1,"Non Ducted"
"aircon",2.505,1,"Non Ducted"
"aircon",2.505,1,"Non Ducted"
"aircon",2.505,1,"Non Ducted"
"aircon",2.505,1,"Non Ducted"
"aircon",2.505,1,"Non Ducted"
"aircon",2.505,1,"Non Ducted"
"aircon",2.505,1,"Non Ducted"
"aircon",2.505,1,"Non Ducted"
"aircon",2.505,1,"Non Ducted"
"aircon",2.505,1,"Non Ducted"
"aircon",2.505,1,"Non Ducted"
"aircon",2.505,1,"Non Ducted"
"aircon",2.505,1,"Non Ducted"
"aircon",2.505,1,"Non Ducted"
"aircon",2.505,1,"Non Ducted"
"aircon",2.505,1,"Non Ducted"
"aircon",2.505,1,"Non Ducted"
"aircon",2.505,1,"Non Ducted"
"aircon",2.505,1,"Non Ducted"
"aircon",2.505,1,"Non Ducted"
"aircon",2.505,1,"Non Ducted"
"aircon",2.505,1,"Non Ducted"
"aircon",2.505,1,"Non Ducted"
"aircon",2.505,1,"Non Ducted"
"aircon",2.505,1,"Non Ducted"
"aircon",2.505,1,"Non Ducted"
"aircon",2.505,1,"Non Ducted"
"aircon",2.505,1,"Non Ducted"
"aircon",2.505,1,"Non Ducted"
"aircon",2.505,1,"Non Ducted"
"aircon",2.505,1,"Non Ducted"
"aircon",2.505,1,"Non Ducted"
"aircon",2.505,1,"Non Ducted"
"aircon",2.505,1,"Non Ducted"
"aircon",2.505,1,"Non Ducted"
"aircon",2.505,1,"Non Ducted"
"aircon",2.505,1,"Non Ducted"
"aircon",2.505,1,"Non Ducted"
"aircon",2.505,1,"Non Ducted"
"aircon",2.505,1,"Non Ducted"
"aircon",2.505,1,"Non Ducted"
"aircon",2.505,1,"Non Ducted"
"aircon",2.505,1,"Non Ducted"
"aircon",2.505,1,"Non Ducted"
"aircon",2.505,1,"Non Ducted"
"aircon",1.69,1,"Non Ducted"
"aircon",1.69,1,"Non Ducted"
"aircon",1.69,1,"Non Ducted"
"aircon",1.69,1,"Non Ducted"
"aircon",1.69,1,"Non Ducted"
"aircon",1.69,1,"Non Ducted"
"aircon",1.69,1,"Non Ducted"
"aircon",2.22,1,"Non Ducted"
"aircon",2.22,1,"Non Ducted"
"aircon",2.22,1,"Non Ducted"
"aircon",2.22,1,"Non Ducted"
"aircon",2.22,1,"Non Ducted"
"aircon",2.22,1,"Non Ducted"
"aircon",1.3,3,"Non Ducted"
"aircon",3.295,0,"Ducted"
"aircon",3.295,0,"Ducted"
"aircon",5.785,0,"Ducted"
"aircon",6.925,0,"Ducted"
"aircon",8.94,0,"Ducted"
"aircon",0.61,3,"Non Ducted"
"aircon",0.83,3,"Non Ducted"
"aircon",1.4,2,"Non Ducted"
"aircon",2.08,2,"Non Ducted"
"aircon",2.63,2,"Non Ducted"
"aircon",0.54,4,"Non Ducted"
"aircon",0.54,4,"Non Ducted"
"aircon",0.54,4,"Non Ducted"
"aircon",0.54,4,"Non Ducted"
"aircon",11.67,0,"Ducted"
"aircon",0.835,4,"Non Ducted"
"aircon",1.275,3,"Non Ducted"
"aircon",0.84,3,"Non Ducted"
"aircon",0.84,3,"Non Ducted"
"aircon",0.84,3,"Non Ducted"
"aircon",0.84,3,"Non Ducted"
"aircon",13.725,0,"Ducted"
"aircon",10.675,0,"Ducted"
"aircon",5.77,0,"Ducted"
"aircon",7.885,0,"Ducted"
"aircon",7.81,0,"Ducted"
"aircon",3.885,0,"Ducted"
"aircon",4.315,0,"Ducted"
"aircon",1.57,1,"Non Ducted"
"aircon",6.835,0,"Ducted"
"aircon",6.835,0,"Ducted"
"aircon",1.61,2,"Non Ducted"
"aircon",1.61,2,"Non Ducted"
"aircon",1.61,2,"Non Ducted"
"aircon",0.64,1,"Non Ducted"
"aircon",0.64,1,"Non Ducted"
"aircon",1.385,2,"Non Ducted"
"aircon",4.315,0,"Ducted"
"aircon",4.905,0,"Ducted"
"aircon",5.6,0,"Ducted"
"aircon",6.335,0,"Ducted"
"aircon",0.999,0,"Ducted"
"aircon",8,0,"Ducted"
"aircon",8.62,0,"Ducted"
"aircon",8.62,0,"Ducted"
"aircon",8.62,0,"Ducted"
"aircon",9.995,0,"Ducted"
"aircon",9.995,0,"Ducted"
"aircon",9.995,0,"Ducted"
"aircon",0.93,2,"Non Ducted"
"aircon",2.475,1,"Non Ducted"
"aircon",2.482,0,"Ducted"
"aircon",3.62,0,"Ducted"
"aircon",4.045,0,"Ducted"
"aircon",3.62,0,"Ducted"
"aircon",4.045,0,"Ducted"
"aircon",0.465,4,"Non Ducted"
"aircon",0.565,4,"Non Ducted"
"aircon",2.145,1,"Non Ducted"
"aircon",0.605,3,"Non Ducted"
"aircon",1.27,2,"Non Ducted"
"aircon",0.8,3,"Non Ducted"
"aircon",0.965,2,"Non Ducted"
"aircon",0.965,2,"Non Ducted"
"aircon",0.965,2,"Non Ducted"
"aircon",0.645,3,"Non Ducted"
"aircon",0.645,3,"Non Ducted"
"aircon",0.645,3,"Non Ducted"
"aircon",0.595,4,"Non Ducted"
"aircon",0.63,3,"Non Ducted"
"aircon",0.875,3,"Non Ducted"
"aircon",1.365,2,"Non Ducted"
"aircon",2.135,2,"Non Ducted"
"aircon",2.68,2,"Non Ducted"
"aircon",1.89,0,"Ducted"
"aircon",1.985,0,"Non Ducted"
"aircon",1.905,0,"Non Ducted"
"aircon",1.985,0,"Non Ducted"
"aircon",0.725,2,"Non Ducted"
"aircon",0.95,2,"Non Ducted"
"aircon",1.56,1,"Non Ducted"
"aircon",1.92,1,"Non Ducted"
"aircon",2.3,1,"Non Ducted"
"aircon",3.89,0,"Ducted"
"aircon",3.45,0,"Ducted"
"aircon",0.715,2,"Non Ducted"
"aircon",1.53,0,"Non Ducted"
"aircon",1.925,0,"Non Ducted"
"aircon",2.295,0,"Non Ducted"
"aircon",2.295,0,"Non Ducted"
"aircon",2.8,0,"Non Ducted"
"aircon",2.8,0,"Non Ducted"
"aircon",4.4,0,"Ducted"
"aircon",3.295,0,"Non Ducted"
"aircon",3.295,0,"Non Ducted"
"aircon",0.595,4,"Non Ducted"
"aircon",0.875,3,"Non Ducted"
"aircon",1.365,2,"Non Ducted"
"aircon",2.135,2,"Non Ducted"
"aircon",2.68,2,"Non Ducted"
"aircon",1.505,2,"Non Ducted"
"aircon",0.53,3,"Non Ducted"
"aircon",0.915,2,"Non Ducted"
"aircon",0.64,3,"Non Ducted"
"aircon",0.915,2,"Non Ducted"
"aircon",1.39,0,"Ducted"
"aircon",1.69,0,"Ducted"
"aircon",2.055,0,"Ducted"
"aircon",2.055,0,"Ducted"
"aircon",2.4,0,"Ducted"
"aircon",2.4,0,"Ducted"
"aircon",2.765,0,"Ducted"
"aircon",2.765,0,"Ducted"
"aircon",3.7,0,"Ducted"
"aircon",3.7,0,"Ducted"
"aircon",4.295,0,"Ducted"
"aircon",4.295,0,"Ducted"
"aircon",0.82,2,"Non Ducted"
"aircon",0.82,2,"Non Ducted"
"aircon",0.82,2,"Non Ducted"
"aircon",0.82,2,"Non Ducted"
"aircon",0.82,2,"Non Ducted"
"aircon",0.82,2,"Non Ducted"
"aircon",4.52,0,"Ducted"
"aircon",2.51,0,"Ducted"
"aircon",2.24,0,"Ducted"
"aircon",4.245,0,"Non Ducted"
"aircon",3.655,0,"Non Ducted"
"aircon",2.6,0,"Non Ducted"
"aircon",2.125,0,"Non Ducted"
"aircon",1.19,0,"Non Ducted"
"aircon",1.485,0,"Non Ducted"
"aircon",1.81,0,"Non Ducted"
"aircon",1.81,0,"Non Ducted"
"aircon",2.065,0,"Non Ducted"
"aircon",2.065,0,"Non Ducted"
"aircon",2.39,0,"Non Ducted"
"aircon",2.39,0,"Non Ducted"
"aircon",3.265,0,"Non Ducted"
"aircon",3.265,0,"Non Ducted"
"aircon",3.86,0,"Non Ducted"
"aircon",3.86,0,"Non Ducted"
"aircon",0.76,2,"Non Ducted"
"aircon",1.54,0,"Non Ducted"
"aircon",1.945,0,"Non Ducted"
"aircon",2.19,0,"Non Ducted"
"aircon",2.19,0,"Non Ducted"
"aircon",2.63,0,"Non Ducted"
"aircon",2.63,0,"Non Ducted"
"aircon",2.935,0,"Non Ducted"
"aircon",2.935,0,"Non Ducted"
"aircon",3.855,0,"Non Ducted"
"aircon",3.855,0,"Non Ducted"
"aircon",4.445,0,"Non Ducted"
"aircon",4.445,0,"Non Ducted"
"aircon",0.55,2,"Non Ducted"
"aircon",0.58,3,"Non Ducted"
"aircon",0.885,2,"Non Ducted"
"aircon",1.265,2,"Non Ducted"
"aircon",1.44,2,"Non Ducted"
"aircon",1.72,2,"Non Ducted"
"aircon",2.13,2,"Non Ducted"
"aircon",1.99,0,"Non Ducted"
"aircon",1.93,1,"Non Ducted"
"aircon",1.93,1,"Non Ducted"
"aircon",1.93,1,"Non Ducted"
"aircon",1.89,0,"Ducted"
"aircon",0.99,2,"Non Ducted"
"aircon",0.99,2,"Non Ducted"
"aircon",0.99,2,"Non Ducted"
"aircon",0.585,4,"Non Ducted"
"aircon",0.585,4,"Non Ducted"
"aircon",0.585,4,"Non Ducted"
"aircon",0.84,3,"Non Ducted"
"aircon",0.84,3,"Non Ducted"
"aircon",0.84,3,"Non Ducted"
"aircon",1.31,2,"Non Ducted"
"aircon",1.31,2,"Non Ducted"
"aircon",1.31,2,"Non Ducted"
"aircon",1.89,0,"Non Ducted"
"aircon",2.335,0,"Non Ducted"
"aircon",2.335,0,"Non Ducted"
"aircon",4.535,0,"Non Ducted"
"aircon",2.705,0,"Non Ducted"
"aircon",2.705,0,"Non Ducted"
"aircon",3.58,0,"Non Ducted"
"aircon",3.58,0,"Non Ducted"
"aircon",4.25,0,"Non Ducted"
"aircon",4.25,0,"Non Ducted"
"aircon",1.63,2,"Non Ducted"
"aircon",1.63,2,"Non Ducted"
"aircon",1.63,2,"Non Ducted"
"aircon",2.05,2,"Non Ducted"
"aircon",2.05,2,"Non Ducted"
"aircon",2.05,2,"Non Ducted"
"aircon",2.455,2,"Non Ducted"
"aircon",2.455,2,"Non Ducted"
"aircon",2.455,2,"Non Ducted"
"aircon",0.59,4,"Non Ducted"
"aircon",1.005,2,"Non Ducted"
"aircon",1.505,2,"Non Ducted"
"aircon",1.84,1,"Non Ducted"
"aircon",2.04,2,"Non Ducted"
"aircon",2.555,3,"Non Ducted"
"aircon",3.73,2,"Non Ducted"
"aircon",4.28,2,"Non Ducted"
"aircon",0.525,4,"Non Ducted"
"aircon",2.23,0,"Ducted"
"aircon",2.795,0,"Ducted"
"aircon",2.795,0,"Ducted"
"aircon",1.915,0,"Ducted"
"aircon",0.74,4,"Non Ducted"
"aircon",0.585,4,"Non Ducted"
"aircon",0.585,4,"Non Ducted"
"aircon",0.585,4,"Non Ducted"
"aircon",1.205,3,"Non Ducted"
"aircon",0.84,3,"Non Ducted"
"aircon",0.84,3,"Non Ducted"
"aircon",0.84,3,"Non Ducted"
"aircon",1.31,2,"Non Ducted"
"aircon",1.31,2,"Non Ducted"
"aircon",1.31,2,"Non Ducted"
"aircon",1.855,2,"Non Ducted"
"aircon",2.92,0,"Ducted"
"aircon",3.53,0,"Ducted"
"aircon",1.63,2,"Non Ducted"
"aircon",1.63,2,"Non Ducted"
"aircon",1.63,2,"Non Ducted"
"aircon",2.05,2,"Non Ducted"
"aircon",2.05,2,"Non Ducted"
"aircon",2.05,2,"Non Ducted"
"aircon",2.455,2,"Non Ducted"
"aircon",2.455,2,"Non Ducted"
"aircon",2.455,2,"Non Ducted"
"aircon",2.01,0,"Ducted"
"aircon",9.765,0,"Ducted"
"aircon",2.55,0,"Ducted"
"aircon",0.755,3,"Non Ducted"
"aircon",8,0,"Ducted"
"aircon",9.765,0,"Ducted"
"aircon",1.205,3,"Non Ducted"
"aircon",5.145,0,"Ducted"
"aircon",5.81,0,"Ducted"
"aircon",6.305,0,"Ducted"
"aircon",7.28,0,"Ducted"
"aircon",5.03,0,"Ducted"
"aircon",4.98,0,"Ducted"
"aircon",5.48,0,"Ducted"
"aircon",6.05,0,"Ducted"
"aircon",7.17,0,"Ducted"
"aircon",2.145,0,"Ducted"
"aircon",2.64,0,"Ducted"
"aircon",1.915,0,"Non Ducted"
"aircon",2.635,0,"Non Ducted"
"aircon",2.45,0,"Ducted"
"aircon",5.47,0,"Ducted"
"aircon",5.47,0,"Ducted"
"aircon",6.405,0,"Ducted"
"aircon",3.395,0,"Ducted"
"aircon",4,0,"Ducted"
"aircon",3.565,0,"Non Ducted"
"aircon",4.205,0,"Non Ducted"
"aircon",3.59,0,"Ducted"
"aircon",4.275,0,"Ducted"
"aircon",4.275,0,"Ducted"
"aircon",2.735,0,"Ducted"
"aircon",2.735,0,"Ducted"
"aircon",3.59,0,"Ducted"
"aircon",0.65,2,"Non Ducted"
"aircon",0.535,4,"Non Ducted"
"aircon",0.81,3,"Non Ducted"
"aircon",1.335,2,"Non Ducted"
"aircon",1.765,2,"Non Ducted"
"aircon",1.47,2,"Non Ducted"
"aircon",1.47,2,"Non Ducted"
"aircon",1.47,2,"Non Ducted"
"aircon",1.47,2,"Non Ducted"
"aircon",1.47,2,"Non Ducted"
"aircon",1.47,2,"Non Ducted"
"aircon",4.435,0,"Non Ducted"
"aircon",3.995,0,"Non Ducted"
"aircon",2.915,0,"Non Ducted"
"aircon",6.37,0,"Ducted"
"aircon",6.37,0,"Ducted"
"aircon",6.37,0,"Ducted"
"aircon",2.685,0,"Non Ducted"
"aircon",2.955,0,"Non Ducted"
"aircon",2.955,0,"Non Ducted"
"aircon",0.505,4,"Non Ducted"
"aircon",0.505,4,"Non Ducted"
"aircon",0.505,4,"Non Ducted"
"aircon",0.505,4,"Non Ducted"
"aircon",0.505,4,"Non Ducted"
"aircon",0.505,4,"Non Ducted"
"aircon",0.505,4,"Non Ducted"
"aircon",0.505,4,"Non Ducted"
"aircon",0.505,4,"Non Ducted"
"aircon",0.505,4,"Non Ducted"
"aircon",0.505,4,"Non Ducted"
"aircon",0.505,4,"Non Ducted"
"aircon",0.505,4,"Non Ducted"
"aircon",0.505,4,"Non Ducted"
"aircon",0.505,4,"Non Ducted"
"aircon",0.505,4,"Non Ducted"
"aircon",0.505,4,"Non Ducted"
"aircon",0.505,4,"Non Ducted"
"aircon",0.505,4,"Non Ducted"
"aircon",0.505,4,"Non Ducted"
"aircon",0.505,4,"Non Ducted"
"aircon",0.505,4,"Non Ducted"
"aircon",0.505,4,"Non Ducted"
"aircon",0.505,4,"Non Ducted"
"aircon",0.505,4,"Non Ducted"
"aircon",0.505,4,"Non Ducted"
"aircon",0.71,4,"Non Ducted"
"aircon",0.71,4,"Non Ducted"
"aircon",0.71,4,"Non Ducted"
"aircon",0.71,4,"Non Ducted"
"aircon",0.71,4,"Non Ducted"
"aircon",0.71,4,"Non Ducted"
"aircon",0.71,4,"Non Ducted"
"aircon",0.71,4,"Non Ducted"
"aircon",0.71,4,"Non Ducted"
"aircon",0.71,4,"Non Ducted"
"aircon",0.71,4,"Non Ducted"
"aircon",0.71,4,"Non Ducted"
"aircon",0.71,4,"Non Ducted"
"aircon",0.71,4,"Non Ducted"
"aircon",0.71,4,"Non Ducted"
"aircon",0.71,4,"Non Ducted"
"aircon",0.71,4,"Non Ducted"
"aircon",0.71,4,"Non Ducted"
"aircon",0.71,4,"Non Ducted"
"aircon",0.71,4,"Non Ducted"
"aircon",0.71,4,"Non Ducted"
"aircon",0.71,4,"Non Ducted"
"aircon",0.71,4,"Non Ducted"
"aircon",0.71,4,"Non Ducted"
"aircon",0.71,4,"Non Ducted"
"aircon",0.71,4,"Non Ducted"
"aircon",1.185,3,"Non Ducted"
"aircon",1.185,3,"Non Ducted"
"aircon",1.185,3,"Non Ducted"
"aircon",1.185,3,"Non Ducted"
"aircon",1.185,3,"Non Ducted"
"aircon",1.185,3,"Non Ducted"
"aircon",1.185,3,"Non Ducted"
"aircon",1.185,3,"Non Ducted"
"aircon",1.185,3,"Non Ducted"
"aircon",1.185,3,"Non Ducted"
"aircon",1.185,3,"Non Ducted"
"aircon",1.185,3,"Non Ducted"
"aircon",1.185,3,"Non Ducted"
"aircon",1.185,3,"Non Ducted"
"aircon",1.185,3,"Non Ducted"
"aircon",1.185,3,"Non Ducted"
"aircon",1.185,3,"Non Ducted"
"aircon",1.185,3,"Non Ducted"
"aircon",1.185,3,"Non Ducted"
"aircon",1.185,3,"Non Ducted"
"aircon",1.185,3,"Non Ducted"
"aircon",1.185,3,"Non Ducted"
"aircon",1.185,3,"Non Ducted"
"aircon",1.185,3,"Non Ducted"
"aircon",1.185,3,"Non Ducted"
"aircon",1.185,3,"Non Ducted"
"aircon",0.82,2,"Non Ducted"
"aircon",3.265,0,"Non Ducted"
"aircon",3.265,0,"Non Ducted"
"aircon",2.955,0,"Ducted"
"aircon",8.1,0,"Ducted"
"aircon",7.275,0,"Ducted"
"aircon",1.5525,0,"Ducted"
"aircon",1.96,0,"Non Ducted"
"aircon",2.345,0,"Non Ducted"
"aircon",3.095,0,"Ducted"
"aircon",3.095,0,"Ducted"
"aircon",3.59,0,"Ducted"
"aircon",3.59,0,"Ducted"
"aircon",3.395,0,"Ducted"
"aircon",3.565,0,"Non Ducted"
"aircon",3.995,0,"Non Ducted"
"aircon",4.275,0,"Ducted"
"aircon",4.275,0,"Ducted"
"aircon",4,0,"Ducted"
"aircon",4.205,0,"Non Ducted"
"aircon",4.435,0,"Non Ducted"
"aircon",3.18,0,"Non Ducted"
"aircon",3.055,0,"Non Ducted"
"aircon",2.27,0,"Ducted"
"aircon",4.39,0,"Non Ducted"
"aircon",1.805,2,"Non Ducted"
"aircon",1.905,2,"Non Ducted"
"aircon",1.925,0,"Ducted"
"aircon",2.095,0,"Ducted"
"aircon",2.255,3,"Non Ducted"
"aircon",2.535,2,"Non Ducted"
"aircon",2.51,0,"Ducted"
"aircon",2.91,0,"Ducted"
"aircon",3.165,2,"Non Ducted"
"aircon",3.565,2,"Non Ducted"
"aircon",3.515,0,"Ducted"
"aircon",3.71,0,"Ducted"
"aircon",3.915,2,"Non Ducted"
"aircon",4.415,1,"Non Ducted"
"aircon",4.34,0,"Ducted"
"aircon",4.4,0,"Ducted"
"aircon",2.65,2,"Non Ducted"
"aircon",2.255,0,"Non Ducted"
"aircon",2.535,0,"Non Ducted"
"aircon",2.51,0,"Ducted"
"aircon",2.91,0,"Ducted"
"aircon",3.165,0,"Non Ducted"
"aircon",3.565,0,"Non Ducted"
"aircon",3.515,0,"Ducted"
"aircon",3.71,0,"Ducted"
"aircon",3.915,0,"Non Ducted"
"aircon",4.415,0,"Non Ducted"
"aircon",4.34,0,"Ducted"
"aircon",4.4,0,"Ducted"
"aircon",2.65,0,"Non Ducted"
"aircon",0.525,4,"Non Ducted"
"aircon",1.855,2,"Non Ducted"
"aircon",5.135,0,"Ducted"
"aircon",2.555,0,"Ducted"
"aircon",2.555,0,"Ducted"
"aircon",3.62,0,"Ducted"
"aircon",3.62,0,"Ducted"
"aircon",4.045,0,"Ducted"
"aircon",4.045,0,"Ducted"
"aircon",1.54,0,"Non Ducted"
"aircon",1.72,0,"Non Ducted"
"aircon",3.55,0,"Ducted"
"aircon",3.55,0,"Ducted"
"aircon",1.41,0,"Non Ducted"
"aircon",1.87,0,"Non Ducted"
"aircon",2.975,0,"Non Ducted"
"aircon",1.9,1,"Non Ducted"
"aircon",3.435,0,"Non Ducted"
"aircon",1.48,1,"Non Ducted"
"aircon",2.09,2,"Non Ducted"
"aircon",3.55,0,"Ducted"
"aircon",3.55,0,"Ducted"
"aircon",2.745,0,"Ducted"
"aircon",2.745,0,"Ducted"
"aircon",2.745,0,"Ducted"
"aircon",2.745,0,"Ducted"
"aircon",3.195,1,"Non Ducted"
"aircon",3.94,1,"Non Ducted"
"aircon",3.94,1,"Non Ducted"
"aircon",3.975,0,"Ducted"
"aircon",3.975,0,"Ducted"
"aircon",3.975,0,"Ducted"
"aircon",3.975,0,"Ducted"
"aircon",4.2,0,"Non Ducted"
"aircon",4.2,0,"Non Ducted"
"aircon",2.825,0,"Non Ducted"
"aircon",2.825,0,"Non Ducted"
"aircon",3.77,0,"Non Ducted"
"aircon",3.77,0,"Non Ducted"
"aircon",3,0,"Non Ducted"
"aircon",3,0,"Non Ducted"
"aircon",3,0,"Non Ducted"
"aircon",3,0,"Non Ducted"
"aircon",2.085,0,"Non Ducted"
"aircon",2.165,0,"Non Ducted"
"aircon",2.13,0,"Non Ducted"
"aircon",2.045,0,"Non Ducted"
"aircon",2.045,0,"Non Ducted"
"aircon",2.07,0,"Ducted"
"aircon",1.875,0,"Ducted"
"aircon",1.875,0,"Ducted"
"aircon",1.63,0,"Ducted"
"aircon",1.63,0,"Ducted"
"aircon",1.63,0,"Ducted"
"aircon",2.07,0,"Ducted"
"aircon",2.015,0,"Ducted"
"aircon",2.015,0,"Ducted"
"aircon",4.525,1,"Ducted"
"aircon",4.4,1,"Non Ducted"
"aircon",1.505,2,"Non Ducted"
"aircon",5.885,0,"Ducted"
"aircon",3.2,1,"Ducted"
"aircon",3.25,1,"Non Ducted"
"aircon",3.85,1,"Ducted"
"aircon",3.85,1,"Non Ducted"
"aircon",2.23,1,"Ducted"
"aircon",2.3,1,"Non Ducted"
"aircon",5,0,"Ducted"
"aircon",0.71,0,"Ducted"
"aircon",5,0,"Ducted"
"aircon",4.525,0,"Ducted"
"aircon",3.85,0,"Ducted"
"aircon",3.2,0,"Ducted"
"aircon",2.23,0,"Ducted"
"aircon",6.03,0,"Ducted"
"aircon",7.07,0,"Ducted"
"aircon",1.49,2,"Non Ducted"
"aircon",2.555,0,"Ducted"
"aircon",2.555,0,"Ducted"
"aircon",0.655,3,"Non Ducted"
"aircon",1,2,"Non Ducted"
"aircon",1.45,2,"Non Ducted"
"aircon",2.96,0,"Ducted"
"aircon",4.275,1,"Non Ducted"
"aircon",3.82,1,"Non Ducted"
"aircon",3.19,2,"Non Ducted"
"aircon",2.145,1,"Non Ducted"
"aircon",2.02,2,"Non Ducted"
"aircon",0.95,0,"Ducted"
"aircon",0.61,3,"Non Ducted"
"aircon",0.62,3,"Non Ducted"
"aircon",1.005,2,"Non Ducted"
"aircon",1.465,2,"Non Ducted"
"aircon",0.685,4,"Non Ducted"
"aircon",2.3,0,"Non Ducted"
"aircon",3.25,0,"Non Ducted"
"aircon",3.85,0,"Non Ducted"
"aircon",4.4,0,"Non Ducted"
"aircon",3.2,0,"Ducted"
"aircon",3.85,0,"Ducted"
"aircon",2.23,0,"Ducted"
"aircon",5,0,"Ducted"
"aircon",4.525,0,"Ducted"
"aircon",0.82,2,"Non Ducted"
"aircon",0.955,2,"Non Ducted"
"aircon",1.275,2,"Non Ducted"
"aircon",3.375,0,"Non Ducted"
"aircon",3.05,0,"Non Ducted"
"aircon",1.53,0,"Non Ducted"
"aircon",2.485,0,"Non Ducted"
"aircon",2.34,0,"Non Ducted"
"aircon",0.69,2,"Non Ducted"
"aircon",0.935,2,"Non Ducted"
"aircon",1.49,1,"Non Ducted"
"aircon",2.345,1,"Non Ducted"
"aircon",0.935,3,"Non Ducted"
"aircon",1.405,0,"Ducted"
"aircon",2.565,0,"Ducted"
"aircon",3.415,0,"Ducted"
"aircon",4.05,0,"Ducted"
"aircon",0.465,4,"Non Ducted"
"aircon",0.79,3,"Non Ducted"
"aircon",0.565,4,"Non Ducted"
"aircon",1.155,2,"Non Ducted"
"aircon",1.22,3,"Non Ducted"
"aircon",1.575,2,"Non Ducted"
"aircon",1.905,2,"Non Ducted"
"aircon",2.435,2,"Non Ducted"
"aircon",2.91,1,"Non Ducted"
"aircon",1.395,2,"Non Ducted"
"aircon",0.51,3,"Non Ducted"
"aircon",0.585,3,"Non Ducted"
"aircon",0.835,3,"Non Ducted"
"aircon",1.2,2,"Non Ducted"
"aircon",1.355,2,"Non Ducted"
"aircon",1.685,2,"Non Ducted"
"aircon",2.01,2,"Non Ducted"
"aircon",1.34,0,"Non Ducted"
"aircon",2.135,0,"Ducted"
"aircon",1.885,0,"Non Ducted"
"aircon",1.47,2,"Non Ducted"
"aircon",1.53,0,"Ducted"
"aircon",1.465,0,"Non Ducted"
"aircon",2.125,1,"Non Ducted"
"aircon",2.1,2,"Non Ducted"
"aircon",2.43,2,"Non Ducted"
"aircon",5.48,0,"Ducted"
"aircon",0.505,4,"Non Ducted"
"aircon",0.695,2,"Non Ducted"
"aircon",0.595,4,"Non Ducted"
"aircon",2.165,1,"Non Ducted"
"aircon",2.23,0,"Ducted"
"aircon",5,0,"Ducted"
"aircon",2.67,0,"Ducted"
"aircon",3.505,0,"Ducted"
"aircon",0.875,3,"Non Ducted"
"aircon",1.365,2,"Non Ducted"
"aircon",0.745,1,"Non Ducted"
"aircon",4.265,0,"Ducted"
"aircon",0.54,3,"Non Ducted"
"aircon",0.54,3,"Non Ducted"
"aircon",2.45,2,"Non Ducted"
"aircon",2.93,1,"Non Ducted"
"aircon",1.185,3,"Non Ducted"
"aircon",4.105,0,"Ducted"
"aircon",1.95,1,"Non Ducted"
"aircon",1.48,2,"Non Ducted"
"aircon",3.2,0,"Ducted"
"aircon",3.2,0,"Ducted"
"aircon",3.2,0,"Ducted"
"aircon",3.85,0,"Ducted"
"aircon",3.85,0,"Ducted"
"aircon",3.85,0,"Ducted"
"aircon",4.525,0,"Ducted"
"aircon",4.525,0,"Ducted"
"aircon",4.525,0,"Ducted"
"aircon",2.68,0,"Ducted"
"aircon",3.45,0,"Ducted"
"aircon",4.08,0,"Ducted"
"aircon",1.75,1,"Non Ducted"
"aircon",3.115,0,"Ducted"
"aircon",3.45,0,"Ducted"
"aircon",4.08,0,"Ducted"
"aircon",0.775,1,"Non Ducted"
"aircon",1.135,1,"Non Ducted"
"aircon",0.67,3,"Non Ducted"
"aircon",0.945,2,"Non Ducted"
"aircon",1.57,2,"Non Ducted"
"aircon",2.08,1,"Non Ducted"
"aircon",3.75,0,"Ducted"
"aircon",0.615,1,"Non Ducted"
"aircon",0.915,2,"Non Ducted"
"aircon",0.915,2,"Non Ducted"
"aircon",0.915,2,"Non Ducted"
"aircon",0.915,2,"Non Ducted"
"aircon",0.705,2,"Non Ducted"
"aircon",0.705,2,"Non Ducted"
"aircon",0.705,2,"Non Ducted"
"aircon",0.705,2,"Non Ducted"
"aircon",0.74,2,"Non Ducted"
"aircon",3.02,0,"Ducted"
"aircon",3.545,0,"Ducted"
"aircon",3.545,0,"Ducted"
"aircon",3.46,0,"Ducted"
"aircon",3.46,0,"Ducted"
"aircon",4.19,0,"Ducted"
"aircon",4.19,0,"Ducted"
"aircon",4.36,0,"Ducted"
"aircon",4.36,0,"Ducted"
"aircon",4.955,0,"Ducted"
"aircon",4.955,0,"Ducted"
"aircon",4.81,0,"Ducted"
"aircon",4.81,0,"Ducted"
"aircon",5.545,0,"Ducted"
"aircon",5.545,0,"Ducted"
"aircon",5.545,0,"Ducted"
"aircon",6.37,0,"Ducted"
"aircon",6.37,0,"Ducted"
"aircon",4.22,0,"Ducted"
"aircon",2.065,0,"Ducted"
"aircon",3.775,0,"Ducted"
"aircon",4.205,0,"Ducted"
"aircon",3.775,0,"Ducted"
"aircon",4.2,0,"Ducted"
"aircon",0.505,4,"Non Ducted"
"aircon",0.71,4,"Non Ducted"
"aircon",1.185,3,"Non Ducted"
"aircon",0.66,2,"Non Ducted"
"aircon",1.95,2,"Non Ducted"
"aircon",0.795,2,"Non Ducted"
"aircon",0.65,2,"Non Ducted"
"aircon",0.705,2,"Non Ducted"
"aircon",0.99,2,"Non Ducted"
"aircon",1.69,1,"Non Ducted"
"aircon",1.93,1,"Non Ducted"
"aircon",2.22,1,"Non Ducted"
"aircon",2.505,1,"Non Ducted"
"aircon",6.33,0,"Ducted"
"aircon",13.72,0,"Non Ducted"
"aircon",13.72,0,"Non Ducted"
"aircon",13.72,0,"Non Ducted"
"aircon",11.245,0,"Non Ducted"
"aircon",11.245,0,"Non Ducted"
"aircon",11.245,0,"Non Ducted"
"aircon",4.47,0,"Ducted"
"aircon",4.47,0,"Ducted"
"aircon",4.47,0,"Ducted"
"aircon",4.47,0,"Ducted"
"aircon",4.47,0,"Ducted"
"aircon",3.75,0,"Ducted"
"aircon",3.75,0,"Ducted"
"aircon",3.75,0,"Ducted"
"aircon",3.75,0,"Ducted"
"aircon",3.755,0,"Ducted"
"aircon",2.795,0,"Ducted"
"aircon",2.795,0,"Ducted"
"aircon",2.96,0,"Ducted"
"aircon",2.96,0,"Ducted"
"aircon",4.47,0,"Ducted"
"aircon",4.47,0,"Ducted"
"aircon",4.47,0,"Ducted"
"aircon",4.47,0,"Ducted"
"aircon",4.47,0,"Ducted"
"aircon",4.425,0,"Ducted"
"aircon",3.06,0,"Ducted"
"aircon",3.06,0,"Ducted"
"aircon",3.06,0,"Ducted"
"aircon",3.06,0,"Ducted"
"aircon",3.06,0,"Ducted"
"aircon",0.505,4,"Non Ducted"
"aircon",0.71,4,"Non Ducted"
"aircon",1.185,3,"Non Ducted"
"aircon",1.95,2,"Non Ducted"
"aircon",2.13,2,"Non Ducted"
"aircon",1.94,2,"Non Ducted"
"aircon",0.98,3,"Non Ducted"
"aircon",2.64,0,"Ducted"
"aircon",4.56,0,"Ducted"
"aircon",4.56,0,"Ducted"
"aircon",2.715,0,"Ducted"
"aircon",4.5,0,"Ducted"
"aircon",2.715,0,"Ducted"
"aircon",4.5,0,"Ducted"
"aircon",1.455,0,"Ducted"
"aircon",2.105,0,"Ducted"
"aircon",3.58,0,"Ducted"
"aircon",3.58,0,"Ducted"
"aircon",2.715,2,"Non Ducted"
"aircon",2.755,2,"Non Ducted"
"aircon",3.775,2,"Non Ducted"
"aircon",4.615,1,"Non Ducted"
"aircon",4.55,1,"Non Ducted"
"aircon",4.5,0,"Ducted"
"aircon",0.65,2,"Non Ducted"
"aircon",0.82,2,"Non Ducted"
"aircon",1.465,2,"Non Ducted"
"aircon",2,2,"Non Ducted"
"aircon",2.345,1,"Non Ducted"
"aircon",0.505,4,"Non Ducted"
"aircon",1.185,3,"Non Ducted"
"aircon",0.585,4,"Non Ducted"
"aircon",0.71,4,"Non Ducted"
"aircon",4.8,0,"Ducted"
"aircon",4.8,0,"Ducted"
"aircon",4.8,0,"Ducted"
"aircon",4.8,0,"Ducted"
"aircon",4.275,0,"Ducted"
"aircon",4.275,0,"Ducted"
"aircon",4.275,0,"Ducted"
"aircon",4.275,0,"Ducted"
"aircon",3.845,0,"Ducted"
"aircon",3.845,0,"Ducted"
"aircon",3.845,0,"Ducted"
"aircon",3.845,0,"Ducted"
"aircon",1.95,2,"Non Ducted"
"aircon",1.95,2,"Non Ducted"
"aircon",0.71,4,"Non Ducted"
"aircon",1.185,3,"Non Ducted"
"aircon",0.505,4,"Non Ducted"
"aircon",1.96,2,"Non Ducted"
"aircon",0.72,2,"Non Ducted"
"aircon",1.96,2,"Non Ducted"
"aircon",1.015,2,"Non Ducted"
"aircon",1.595,1,"Non Ducted"
"aircon",1.925,1,"Non Ducted"
"aircon",2.385,2,"Non Ducted"
"aircon",3.775,2,"Non Ducted"
"aircon",4.44,0,"Ducted"
"aircon",4.44,0,"Ducted"
"aircon",4.44,0,"Ducted"
"aircon",5.765,0,"Ducted"
"aircon",4.745,0,"Ducted"
"aircon",4.745,0,"Ducted"
"aircon",4.745,0,"Ducted"
"aircon",3.765,0,"Ducted"
"aircon",4.46,0,"Non Ducted"
"aircon",3.44,0,"Non Ducted"
"aircon",4.395,0,"Non Ducted"
"aircon",3.11,0,"Ducted"
"aircon",0.865,3,"Non Ducted"
"aircon",4.315,0,"Ducted"
"aircon",4.905,0,"Ducted"
"aircon",5.6,0,"Ducted"
"aircon",6.335,0,"Ducted"
"aircon",4.565,0,"Ducted"
"aircon",4.31,0,"Ducted"
"aircon",1.56,0,"Ducted"
"aircon",2.115,2,"Non Ducted"
"aircon",0.56,4,"Non Ducted"
"aircon",1.205,2,"Non Ducted"
"aircon",0.87,3,"Non Ducted"
"aircon",1.68,2,"Non Ducted"
"aircon",1.22,3,"Non Ducted"
"aircon",0.7,2,"Non Ducted"
"aircon",0.99,2,"Non Ducted"
"aircon",1.535,1,"Non Ducted"
"aircon",1.755,1,"Non Ducted"
"aircon",0.715,2,"Non Ducted"
"aircon",1.015,2,"Non Ducted"
"aircon",1.555,1,"Non Ducted"
"aircon",1.815,1,"Non Ducted"
"aircon",0.69,2,"Non Ducted"
"aircon",1.015,2,"Non Ducted"
"aircon",1.6,2,"Non Ducted"
"aircon",4.785,0,"Ducted"
"aircon",6.07,0,"Ducted"
"aircon",1.385,0,"Ducted"
"aircon",1.385,0,"Ducted"
"aircon",1.785,0,"Ducted"
"aircon",1.785,0,"Ducted"
"aircon",1.99,0,"Ducted"
"aircon",1.99,0,"Ducted"
"aircon",1.99,0,"Ducted"
"aircon",0.785,0,"Ducted"
"aircon",0.785,0,"Ducted"
"aircon",0.785,0,"Ducted"
"aircon",1.06,0,"Ducted"
"aircon",1.06,0,"Ducted"
"aircon",1.06,0,"Ducted"
"aircon",1.53,0,"Ducted"
"aircon",1.53,0,"Ducted"
"aircon",1.53,0,"Ducted"
"aircon",1.865,0,"Ducted"
"aircon",1.865,0,"Ducted"
"aircon",1.865,0,"Ducted"
"aircon",2.18,0,"Ducted"
"aircon",2.18,0,"Ducted"
"aircon",2.18,0,"Ducted"
"aircon",1.465,0,"Non Ducted"
"aircon",1.66,0,"Non Ducted"
"aircon",2.11,0,"Non Ducted"
"aircon",2.02,0,"Non Ducted"
"aircon",4.335,0,"Ducted"
"aircon",4.275,0,"Ducted"
"aircon",0.77,0,"Ducted"
"aircon",0.77,0,"Ducted"
"aircon",1.09,0,"Ducted"
"aircon",1.09,0,"Ducted"
"aircon",1.59,0,"Ducted"
"aircon",1.59,0,"Ducted"
"aircon",1.92,0,"Ducted"
"aircon",1.92,0,"Ducted"
"aircon",2.295,0,"Ducted"
"aircon",2.295,0,"Ducted"
"aircon",2.915,0,"Non Ducted"
"aircon",2.685,0,"Non Ducted"
"aircon",2.955,0,"Non Ducted"
"aircon",2.955,0,"Non Ducted"
"aircon",2.735,0,"Ducted"
"aircon",2.735,0,"Ducted"
"aircon",2.45,0,"Ducted"
"aircon",2.68,0,"Ducted"
"aircon",2.04,2,"Non Ducted"
"aircon",2.365,2,"Non Ducted"
"aircon",0.715,2,"Non Ducted"
"aircon",3.205,0,"Ducted"
"aircon",3.205,0,"Ducted"
"aircon",2.13,1,"Non Ducted"
"aircon",0.55,4,"Non Ducted"
"aircon",2.6,1,"Non Ducted"
"aircon",0.655,3,"Non Ducted"
"aircon",2.6,1,"Non Ducted"
"aircon",0.62,3,"Non Ducted"
"aircon",0.855,3,"Non Ducted"
"aircon",0.96,2,"Non Ducted"
"aircon",1.42,2,"Non Ducted"
"aircon",3.755,0,"Ducted"
"aircon",3.755,0,"Ducted"
"aircon",4.35,0,"Ducted"
"aircon",4.35,0,"Ducted"
"aircon",2.09,2,"Non Ducted"
"aircon",0.985,2,"Non Ducted"
"aircon",1.315,3,"Non Ducted"
"aircon",1.545,2,"Non Ducted"
"aircon",4.21,0,"Ducted"
"aircon",3.675,0,"Ducted"
"aircon",3.22,0,"Ducted"
"aircon",0.485,4,"Non Ducted"
"aircon",0.485,4,"Non Ducted"
"aircon",0.485,4,"Non Ducted"
"aircon",0.58,4,"Non Ducted"
"aircon",0.58,4,"Non Ducted"
"aircon",0.58,4,"Non Ducted"
"aircon",1.44,2,"Non Ducted"
"aircon",1.44,2,"Non Ducted"
"aircon",1.44,2,"Non Ducted"
"aircon",0.815,3,"Non Ducted"
"aircon",0.815,3,"Non Ducted"
"aircon",0.815,3,"Non Ducted"
"aircon",0.695,2,"Non Ducted"
"aircon",2.165,1,"Non Ducted"
"aircon",1.12,1,"Non Ducted"
"aircon",1.525,1,"Non Ducted"
"aircon",1.75,1,"Non Ducted"
"aircon",1.12,1,"Non Ducted"
"aircon",1.525,1,"Non Ducted"
"aircon",1.75,1,"Non Ducted"
"aircon",2.095,0,"Non Ducted"
"aircon",0.48,4,"Non Ducted"
"aircon",0.595,4,"Non Ducted"
"aircon",0.84,3,"Non Ducted"
"aircon",1.22,3,"Non Ducted"
"aircon",1.64,2,"Non Ducted"
"aircon",1.995,2,"Non Ducted"
"aircon",3.195,1,"Non Ducted"
"aircon",0.39,5,"Non Ducted"
"aircon",2.4,2,"Non Ducted"
"aircon",2.81,2,"Non Ducted"
"aircon",0.515,4,"Non Ducted"
"aircon",0.82,3,"Non Ducted"
"aircon",1.3,3,"Non Ducted"
"aircon",1.68,2,"Non Ducted"
"aircon",0.675,3,"Non Ducted"
"aircon",0.84,2,"Non Ducted"
"aircon",0.65,2,"Non Ducted"
"aircon",0.82,2,"Non Ducted"
"aircon",0.52,4,"Non Ducted"
"aircon",1.205,3,"Non Ducted"
"aircon",1.465,2,"Non Ducted"
"aircon",2,2,"Non Ducted"
"aircon",0.4425,2,"Non Ducted"
"aircon",0.4425,2,"Non Ducted"
"aircon",0.4425,2,"Non Ducted"
"aircon",2.6915,1,"Non Ducted"
"aircon",2.6915,1,"Non Ducted"
"aircon",2.6915,1,"Non Ducted"
"aircon",2.345,1,"Non Ducted"
"aircon",1.17,1,"Non Ducted"
"aircon",0.615,1,"Non Ducted"
"aircon",0.785,1,"Non Ducted"
"aircon",0.595,4,"Non Ducted"
"aircon",0.875,3,"Non Ducted"
"aircon",1.365,2,"Non Ducted"
"aircon",2.07,2,"Non Ducted"
"aircon",0.875,3,"Non Ducted"
"aircon",1.365,2,"Non Ducted"
"aircon",2.07,2,"Non Ducted"
"aircon",2.705,2,"Non Ducted"
"aircon",2.705,2,"Non Ducted"
"aircon",2.53,1,"Non Ducted"
"aircon",2.915,1,"Non Ducted"
"aircon",1.59,2,"Non Ducted"
"aircon",1.59,2,"Non Ducted"
"aircon",1.59,2,"Non Ducted"
"aircon",1.93,2,"Non Ducted"
"aircon",1.93,2,"Non Ducted"
"aircon",1.93,2,"Non Ducted"
"aircon",2.31,2,"Non Ducted"
"aircon",2.31,2,"Non Ducted"
"aircon",2.31,2,"Non Ducted"
"aircon",2.6,2,"Non Ducted"
"aircon",2.6,2,"Non Ducted"
"aircon",2.6,2,"Non Ducted"
"aircon",1.61,2,"Non Ducted"
"aircon",1.585,2,"Non Ducted"
"aircon",2.175,2,"Non Ducted"
"aircon",3.065,1,"Non Ducted"
"aircon",3.835,1,"Non Ducted"
"aircon",2.67,2,"Non Ducted"
"aircon",0.67,2,"Non Ducted"
"aircon",0.545,4,"Non Ducted"
"aircon",0.83,3,"Non Ducted"
"aircon",1.43,2,"Non Ducted"
"aircon",2.67,1,"Non Ducted"
"aircon",1.87,1,"Non Ducted"
"aircon",1.87,1,"Non Ducted"
"aircon",1.87,1,"Non Ducted"
"aircon",0.595,4,"Non Ducted"
"aircon",4.575,0,"Ducted"
"aircon",4.395,0,"Ducted"
"aircon",5.925,0,"Ducted"
"aircon",0.65,2,"Non Ducted"
"aircon",0.91,2,"Non Ducted"
"aircon",1.475,2,"Non Ducted"
"aircon",2.075,1,"Non Ducted"
"aircon",6.885,0,"Ducted"
"aircon",10.005,0,"Ducted"
"aircon",0.745,0,"Ducted"
"aircon",0.745,0,"Ducted"
"aircon",1.065,0,"Ducted"
"aircon",1.065,0,"Ducted"
"aircon",1.505,0,"Ducted"
"aircon",6.26,0,"Ducted"
"aircon",8.03,0,"Ducted"
"aircon",2.14,0,"Ducted"
"aircon",2.665,0,"Ducted"
"aircon",3.065,0,"Ducted"
"aircon",3.79,0,"Ducted"
"aircon",4.505,0,"Non Ducted"
"aircon",2.96,2,"Non Ducted"
"aircon",3.665,0,"Ducted"
"aircon",3.115,0,"Ducted"
"aircon",2.243,0,"Ducted"
"aircon",1.58,0,"Ducted"
"aircon",1.27,0,"Ducted"
"aircon",0.684,0,"Ducted"
"aircon",2.53,0,"Ducted"
"aircon",1.795,0,"Ducted"
"aircon",1.091,0,"Ducted"
"aircon",5.156,0,"Ducted"
"aircon",4.595,0,"Ducted"
"aircon",0.655,3,"Non Ducted"
"aircon",1.015,2,"Non Ducted"
"aircon",1.51,2,"Non Ducted"
"aircon",1.99,2,"Non Ducted"
"aircon",2.215,2,"Non Ducted"
"aircon",0.705,2,"Non Ducted"
"aircon",1.33,2,"Non Ducted"
"aircon",1.36,2,"Non Ducted"
"aircon",3.86,1,"Non Ducted"
"aircon",4.395,0,"Non Ducted"
"aircon",3.24,0,"Ducted"
"aircon",3.705,0,"Ducted"
"aircon",0.945,2,"Non Ducted"
"aircon",3.35,0,"Ducted"
"aircon",5.225,0,"Ducted"
"aircon",3.215,0,"Ducted"
"aircon",4.625,0,"Ducted"
"aircon",3.935,0,"Ducted"
"aircon",3.845,0,"Ducted"
"aircon",5.69,0,"Ducted"
"aircon",6.75,0,"Ducted"
"aircon",2.405,0,"Ducted"
"aircon",6.985,0,"Ducted"
"aircon",2.185,2,"Non Ducted"
"aircon",2.505,2,"Non Ducted"
"aircon",2.575,2,"Non Ducted"
"aircon",3.665,2,"Non Ducted"
"aircon",4.135,2,"Non Ducted"
"aircon",4.26,0,"Ducted"
"aircon",4.955,0,"Ducted"
"aircon",2.29,1,"Non Ducted"
"aircon",2.29,1,"Non Ducted"
"aircon",2.29,1,"Non Ducted"
"aircon",2.29,1,"Non Ducted"
"aircon",4.925,0,"Ducted"
"aircon",3.745,0,"Ducted"
"aircon",2.135,0,"Ducted"
"aircon",2.675,0,"Ducted"
"aircon",3.09,0,"Ducted"
"aircon",3.505,0,"Ducted"
"aircon",4.185,0,"Ducted"
"aircon",0.59,4,"Non Ducted"
"aircon",0.97,2,"Non Ducted"
"aircon",1.445,2,"Non Ducted"
"aircon",0.615,1,"Non Ducted"
"aircon",0.785,1,"Non Ducted"
"aircon",0.615,1,"Non Ducted"
"aircon",0.785,1,"Non Ducted"
"aircon",1.12,1,"Non Ducted"
"aircon",0.9625,2,"Non Ducted"
"aircon",0.9625,2,"Non Ducted"
"aircon",0.9625,2,"Non Ducted"
"aircon",1.75,1,"Non Ducted"
"aircon",1.52,1,"Non Ducted"
"aircon",0.615,1,"Non Ducted"
"aircon",3.8,0,"Ducted"
"aircon",3.8,0,"Ducted"
"aircon",3.8,0,"Ducted"
"aircon",0.785,1,"Non Ducted"
"aircon",4.255,0,"Ducted"
"aircon",4.255,0,"Ducted"
"aircon",4.255,0,"Ducted"
"aircon",4.96,0,"Ducted"
"aircon",4.96,0,"Ducted"
"aircon",4.96,0,"Ducted"
"aircon",1.12,1,"Non Ducted"
"aircon",4.885,0,"Ducted"
"aircon",4.885,0,"Ducted"
"aircon",4.885,0,"Ducted"
"aircon",1.52,1,"Non Ducted"
"aircon",2.825,0,"Ducted"
"aircon",1.75,1,"Non Ducted"
"aircon",2.655,0,"Ducted"
"aircon",3.24,0,"Ducted"
"aircon",3.25,0,"Ducted"
"aircon",3.915,0,"Ducted"
"aircon",3.77,0,"Ducted"
"aircon",4.385,0,"Ducted"
"aircon",6.335,0,"Ducted"
"aircon",6.335,0,"Ducted"
"aircon",6.335,0,"Ducted"
"aircon",5.6,0,"Ducted"
"aircon",5.6,0,"Ducted"
"aircon",5.6,0,"Ducted"
"aircon",4.315,0,"Ducted"
"aircon",4.315,0,"Ducted"
"aircon",4.315,0,"Ducted"
"aircon",4.19,0,"Ducted"
"aircon",4.81,0,"Ducted"
"aircon",8.21,0,"Ducted"
"aircon",8.21,0,"Ducted"
"aircon",8.21,0,"Ducted"
"aircon",8.21,0,"Ducted"
"aircon",2.21,1,"Ducted"
"aircon",3.09,2,"Ducted"
"aircon",3.85,2,"Ducted"
"aircon",4.27,2,"Ducted"
"aircon",4.8,2,"Ducted"
"aircon",12.365,0,"Ducted"
"aircon",0.595,4,"Non Ducted"
"aircon",5.925,0,"Ducted"
"aircon",6.925,0,"Ducted"
"aircon",1.365,2,"Non Ducted"
"aircon",2.29,1,"Non Ducted"
"aircon",2.6915,1,"Non Ducted"
"aircon",8.515,0,"Ducted"
"aircon",2.125,1,"Non Ducted"
"aircon",2.125,1,"Non Ducted"
"aircon",2.125,1,"Non Ducted"
"aircon",2.57,1,"Non Ducted"
"aircon",2.57,1,"Non Ducted"
"aircon",2.57,1,"Non Ducted"
"aircon",1.52,1,"Non Ducted"
"aircon",1.52,1,"Non Ducted"
"aircon",6.925,0,"Ducted"
"aircon",6.925,0,"Ducted"
"aircon",3.67,0,"Ducted"
"aircon",4.245,0,"Ducted"
"aircon",2.075,2,"Ducted"
"aircon",1.95,2,"Non Ducted"
"aircon",1.185,3,"Non Ducted"
"aircon",9.15,0,"Ducted"
"aircon",9.8,0,"Ducted"
"aircon",9.15,0,"Ducted"
"aircon",9.15,0,"Ducted"
"aircon",9.15,0,"Ducted"
"aircon",9.15,0,"Ducted"
"aircon",8.515,0,"Ducted"
"aircon",8.515,0,"Ducted"
"aircon",8.515,0,"Ducted"
"aircon",8.515,0,"Ducted"
"aircon",12.365,0,"Ducted"
"aircon",12.365,0,"Ducted"
"aircon",12.365,0,"Ducted"
"aircon",12.365,0,"Ducted"
"aircon",3.1,1,"Ducted"
"aircon",0.66,3,"Non Ducted"
"aircon",1.005,2,"Non Ducted"
"aircon",4.3,1,"Ducted"
"aircon",4.75,1,"Ducted"
"aircon",6.2,0,"Ducted"
"aircon",7.4,0,"Ducted"
"aircon",9.8,0,"Ducted"
"aircon",9.8,0,"Ducted"
"aircon",9.8,0,"Ducted"
"aircon",9.8,0,"Ducted"
"aircon",1.805,2,"Non Ducted"
"aircon",2.255,3,"Non Ducted"
"aircon",2.255,0,"Non Ducted"
"aircon",3.165,2,"Non Ducted"
"aircon",1.365,2,"Non Ducted"
"aircon",3.165,0,"Non Ducted"
"aircon",3.915,2,"Non Ducted"
"aircon",1.775,2,"Non Ducted"
"aircon",3.915,0,"Non Ducted"
"aircon",2.325,2,"Non Ducted"
"aircon",3.155,2,"Non Ducted"
"aircon",3.845,2,"Non Ducted"
"aircon",2.325,2,"Non Ducted"
"aircon",3.155,2,"Non Ducted"
"aircon",3.845,2,"Non Ducted"
"aircon",0.645,3,"Non Ducted"
"aircon",0.985,3,"Non Ducted"
"aircon",1.33,3,"Non Ducted"
"aircon",1.7,3,"Non Ducted"
"aircon",2.125,3,"Non Ducted"
"aircon",1.38,0,"Ducted"
"aircon",1.84,0,"Ducted"
"aircon",2.49,0,"Ducted"
"aircon",0.6725,2,"Non Ducted"
"aircon",0.6725,2,"Non Ducted"
"aircon",0.6725,2,"Non Ducted"
"aircon",0.6725,2,"Non Ducted"
"aircon",0.9925,2,"Non Ducted"
"aircon",0.9925,2,"Non Ducted"
"aircon",0.9925,2,"Non Ducted"
"aircon",0.9925,2,"Non Ducted"
"aircon",2.49,0,"Ducted"
"aircon",3.48,0,"Ducted"
"aircon",3.48,0,"Ducted"
"aircon",3.9,0,"Ducted"
"aircon",3.9,0,"Ducted"
"aircon",1.84,0,"Ducted"
"aircon",2.5,0,"Ducted"
"aircon",2.5,0,"Ducted"
"aircon",3.64,0,"Ducted"
"aircon",3.64,0,"Ducted"
"aircon",4.235,0,"Ducted"
"aircon",4.235,0,"Ducted"
"aircon",0.65,3,"Non Ducted"
"aircon",1.075,2,"Non Ducted"
"aircon",1.5,1,"Non Ducted"
"aircon",0.62,3,"Non Ducted"
"aircon",0.62,3,"Non Ducted"
"aircon",0.62,3,"Non Ducted"
"aircon",0.955,2,"Non Ducted"
"aircon",0.955,2,"Non Ducted"
"aircon",0.955,2,"Non Ducted"
"aircon",1.53,2,"Non Ducted"
"aircon",1.53,2,"Non Ducted"
"aircon",1.53,2,"Non Ducted"
"aircon",4.9,0,"Ducted"
"aircon",1.9,0,"Ducted"
