ApplStandard,Brand,Country,In_Voltage,Model No,Family Name,model_comply,N-Standard,network_voltage,Out_Voltage,Output,powersupply,Sold_in,Submit_ID,SubmitStatus,SWERType,tested_PE,ExpDate,GrandDate,Product Class,Transformer Type,Availability Status,Product Website,Representative Brand URL
AS/NZS 2374.1.2:2003/Amdt 1:2005,ABB,New Zealand,11000.0,X030NHW3F,,,AS 2374.1,11kV,415.0,30.0,Three Phase,New Zealand,16494,Approved,False,98.58,,,Class 2,Oil Immersed,Unavailable,,
AS/NZS 2374.1.2:2003/Amdt 1:2005,ABB,New Zealand,11000.0,X050NHW3G,,,AS 2374.1,11kV,415.0,50.0,Three Phase,New Zealand,16573,Approved,False,98.78,,,Class 2,Oil Immersed,Unavailable,,
AS/NZS 2374.1.2:2003/Amdt 1:2005,ABB,New Zealand,11000.0,X075NHW3G,,,AS 2374.1,11kV,415.0,75.0,Three Phase,New Zealand,16576,Approved,False,98.85,,,Class 2,Oil Immersed,Unavailable,,
AS/NZS 2374.1.2:2003/Amdt 1:2005,ABB,New Zealand,11000.0,X100NHW3H,,,AS 2374.1,11kV,415.0,100.0,Three Phase,New Zealand,16578,Approved,False,98.98,,,Class 2,Oil Immersed,Unavailable,,
AS/NZS 2374.1.2:2003/Amdt 1:2005,ABB,New Zealand,11000.0,X150NHW3B,,,AS 2374.1,11kV,415.0,150.0,Three Phase,New Zealand,16579,Approved,False,99.08,,,Class 2,Oil Immersed,Unavailable,,
AS/NZS 2374.1.2:2003/Amdt 1:2005,ABB,New Zealand,11000.0,X200NHW3F,,,AS 2374.1,11kV,415.0,200.0,Three Phase,New Zealand,16580,Approved,False,99.16,,,Class 2,Oil Immersed,Unavailable,,
AS/NZS 2374.1.2:2003/Amdt 1:2005,ABB,New Zealand,11000.0,X300NHM3M,,,AS 2374.1,11kV,415.0,300.0,Three Phase,New Zealand,16591,Approved,False,99.16,,,Class 2,Oil Immersed,Unavailable,,
AS/NZS 2374.1.2:2003/Amdt 1:2005,ABB,New Zealand,11000.0,X500NHM3N,,,AS 2374.1,11kV,415.0,500.0,Three Phase,New Zealand,16592,Approved,False,99.23,,,Class 2,Oil Immersed,Unavailable,,
AS/NZS 2374.1.2:2003/Amdt 1:2005,ABB,New Zealand,11000.0,X750NHM3F,,,AS 2374.1,11kV,415.0,750.0,Three Phase,New Zealand,16593,Approved,False,99.28,,,Class 2,Oil Immersed,Unavailable,,
AS/NZS 2374.1.2:2003/Amdt 1:2005,ABB,New Zealand,11000.0,XK10NHM3F,,,AS 2374.1,11kV,415.0,1000.0,Three Phase,New Zealand,16594,Approved,False,99.31,,,Class 2,Oil Immersed,Unavailable,,
AS/NZS 2374.1.2:2003/Amdt 1:2005,ABB,New Zealand,11000.0,XK15NKM2A,,,AS 2374.1,11kV,415.0,1500.0,Three Phase,New Zealand,16883,Approved,False,99.37,,,Class 2,Oil Immersed,Unavailable,,
AS/NZS 2374.1.2:2003/Amdt 1:2005,ABB,New Zealand,11000.0,X015NGS3F,,,AS 2374.1,11kV,240.0,15.0,Single Phase,New Zealand,16884,Approved,False,98.57,,,Class 1,Oil Immersed,Unavailable,,
AS/NZS 2374.1.2:2003/Amdt 1:2005,ABB,New Zealand,11000.0,X030NGS3G,,,AS 2374.1,11kV,240.0,30.0,Single Phase,New Zealand,16885,Approved,False,98.9,,,Class 1,Oil Immersed,Unavailable,,
AS/NZS 2374.1.2:2003/Amdt 1:2005,ABB,New Zealand,11000.0,X050NGS3G,,,AS 2374.1,11kV,240.0,50.0,Single Phase,New Zealand,16886,Approved,False,98.91,,,Class 1,Oil Immersed,Unavailable,,
AS/NZS 2374.1.2:2003/Amdt 1:2005,ETEL,New Zealand,11000.0,D240,,,AS 2374.1,11kV,240.0,15.0,Single Phase,"Australia,New Zealand",16995,Approved,False,98.484,,,Class 1,Oil Immersed,Unavailable,,
AS/NZS 2374.1.2:2003/Amdt 1:2005,ABB,New Zealand,22000.0,X050PHW3C,,,AS 2374.1,22kV,415.0,50.0,Three Phase,New Zealand,17020,Approved,False,98.63,,,Class 2,Oil Immersed,Unavailable,,
AS/NZS 2374.1.2:2003/Amdt 1:2005,ABB,New Zealand,22000.0,X075PHW3B,,,AS 2374.1,22kV,415.0,75.0,Three Phase,New Zealand,17021,Approved,False,98.79,,,Class 2,Oil Immersed,Unavailable,,
AS/NZS 2374.1.2:2003/Amdt 1:2005,ABB,New Zealand,22000.0,X150PHW3A,,,AS 2374.1,22kV,415.0,150.0,Three Phase,New Zealand,17022,Approved,False,98.95,,,Class 2,Oil Immersed,Unavailable,,
AS/NZS 2374.1.2:2003/Amdt 1:2005,ABB,New Zealand,22000.0,X200PHM3B,,,AS 2374.1,22kV,415.0,200.0,Three Phase,New Zealand,17023,Approved,False,98.96,,,Class 2,Oil Immersed,Unavailable,,
AS/NZS 2374.1.2:2003/Amdt 1:2005,ABB,New Zealand,22000.0,X300PHM3B,,,AS 2374.1,22kV,415.0,300.0,Three Phase,New Zealand,17024,Approved,False,99.14,,,Class 2,Oil Immersed,Unavailable,,
AS/NZS 2374.1.2:2003/Amdt 1:2005,ABB,New Zealand,22000.0,X500PHM3A,,,AS 2374.1,22kV,415.0,500.0,Three Phase,New Zealand,17026,Approved,False,99.26,,,Class 2,Oil Immersed,Unavailable,,
AS/NZS 2374.1.2:2003/Amdt 1:2005,ABB,New Zealand,22000.0,XK10PHM3B,,,AS 2374.1,22kV,415.0,1000.0,Three Phase,New Zealand,17027,Approved,False,99.31,,,Class 2,Oil Immersed,Unavailable,,
AS/NZS 2374.1.2:2003/Amdt 1:2005,ABB,New Zealand,11000.0,XK20NHM3E,,,AS 2374.1,11kV,415.0,2000.0,Three Phase,New Zealand,17028,Approved,False,99.4,,,Class 2,Oil Immersed,Unavailable,,
AS/NZS 2374.1.2:2003/Amdt 1:2005,ETEL,New Zealand,11000.0,D241,,,AS 2374.1,11kV,240.0,30.0,Single Phase,"Australia,New Zealand",17175,Approved,False,98.741,,,Class 1,Oil Immersed,Unavailable,,
AS/NZS 2374.1.2:2003/Amdt 1:2005,ETEL,New Zealand,11000.0,D242,,,AS 2374.1,11kV,240.0,50.0,Single Phase,"Australia,New Zealand",17176,Approved,False,98.9,,,Class 1,Oil Immersed,Unavailable,,
AS/NZS 2374.1.2:2003/Amdt 1:2005,ETEL,New Zealand,11000.0,D206,,,AS 2374.1,11kV,415.0,30.0,Three Phase,"Australia,New Zealand",17177,Approved,False,98.325,,,Class 2,Oil Immersed,Unavailable,,
AS/NZS 2374.1.2:2003/Amdt 1:2005,ETEL,New Zealand,11000.0,D207,,,AS 2374.1,11kV,415.0,50.0,Three Phase,"Australia,New Zealand",17179,Approved,False,98.51,,,Class 2,Oil Immersed,Unavailable,,
AS/NZS 2374.1.2:2003/Amdt 1:2005,ETEL,New Zealand,11000.0,D208,,,AS 2374.1,11kV,415.0,75.0,Three Phase,"Australia,New Zealand",17180,Approved,False,98.666,,,Class 2,Oil Immersed,Unavailable,,
AS/NZS 2374.1.2:2003/Amdt 1:2005,ETEL,New Zealand,11000.0,D209,,,AS 2374.1,11kV,415.0,100.0,Three Phase,"Australia,New Zealand",17181,Approved,False,98.76,,,Class 2,Oil Immersed,Unavailable,,
AS/NZS 2374.1.2:2003/Amdt 1:2005,ETEL,New Zealand,11000.0,D210,,,AS 2374.1,11kV,415.0,150.0,Three Phase,"Australia,New Zealand",17182,Approved,False,98.85,,,Class 2,Oil Immersed,Unavailable,,
AS/NZS 2374.1.2:2003/Amdt 1:2005,ETEL,New Zealand,11000.0,D211,,,AS 2374.1,11kV,415.0,200.0,Three Phase,"Australia,New Zealand",17184,Approved,False,98.94,,,Class 2,Oil Immersed,Unavailable,,
AS/NZS 2374.1.2:2003/Amdt 1:2005,ETEL,New Zealand,11000.0,D212,,,AS 2374.1,11kV,415.0,300.0,Three Phase,"Australia,New Zealand",17185,Approved,False,99.027,,,Class 2,Oil Immersed,Unavailable,,
AS/NZS 2374.1.2:2003/Amdt 1:2005,ETEL,New Zealand,11000.0,D098,,,AS 2374.1,11kV,415.0,500.0,Three Phase,"Australia,New Zealand",17186,Approved,False,99.13,,,Class 2,Oil Immersed,Unavailable,,
AS/NZS 2374.1.2:2003/Amdt 1:2005,ETEL,New Zealand,11000.0,D214,,,AS 2374.1,11kV,415.0,750.0,Three Phase,"Australia,New Zealand",17187,Approved,False,99.21,,,Class 2,Oil Immersed,Unavailable,,
AS/NZS 2374.1.2:2003/Amdt 1:2005,ETEL,New Zealand,11000.0,D215,,,AS 2374.1,11kV,415.0,1000.0,Three Phase,"Australia,New Zealand",17188,Approved,False,99.27,,,Class 2,Oil Immersed,Unavailable,,
AS/NZS 2374.1.2:2003/Amdt 1:2005,ETEL,New Zealand,22000.0,D216,,,AS 2374.1,22kV,250.0,16.0,Single Phase,"Australia,New Zealand",17189,Approved,False,98.52,,,Class 1,Oil Immersed,Unavailable,,
AS/NZS 2374.1.2:2003/Amdt 1:2005,ETEL,New Zealand,22000.0,D217,,,AS 2374.1,22kV,250.0,25.0,Single Phase,"Australia,New Zealand",17190,Approved,False,98.7,,,Class 1,Oil Immersed,Unavailable,,
AS/NZS 2374.1.2:2003/Amdt 1:2005,ETEL,New Zealand,12700.0,D218,,,AS 2374.1,22kV,250.0,25.0,Single Phase,"Australia,New Zealand",17191,Approved,True,98.7,,,Class 1,Oil Immersed,Unavailable,,
AS/NZS 2374.1.2:2003/Amdt 1:2005,ETEL,New Zealand,22000.0,D242,,,AS 2374.1,22kV,250.0,50.0,Single Phase,"Australia,New Zealand",17192,Approved,False,98.9,,,Class 1,Oil Immersed,Unavailable,,
AS/NZS 2374.1.2:2003/Amdt 1:2005,ETEL,New Zealand,22000.0,D221,,,AS 2374.1,22kV,433.0,63.0,Three Phase,"Australia,New Zealand",17193,Approved,False,98.62,,,Class 2,Oil Immersed,Unavailable,,
AS/NZS 2374.1.2:2003/Amdt 1:2005,ETEL,New Zealand,22000.0,D222,,,AS 2374.1,22kV,433.0,100.0,Three Phase,"Australia,New Zealand",17194,Approved,False,98.76,,,Class 2,Oil Immersed,Unavailable,,
AS/NZS 2374.1.2:2003/Amdt 1:2005,ETEL,New Zealand,22000.0,D250,,,AS 2374.1,22kV,433.0,200.0,Three Phase,"Australia,New Zealand",17195,Approved,False,98.94,,,Class 2,Oil Immersed,Unavailable,,
AS/NZS 2374.1.2:2003/Amdt 1:2005,ETEL,New Zealand,22000.0,D232,,,AS 2374.1,22kV,433.0,315.0,Three Phase,"Australia,New Zealand",17279,Approved,False,99.04,,,Class 2,Oil Immersed,Unavailable,,
AS/NZS 2374.1.2:2003/Amdt 1:2005,ETEL,New Zealand,22000.0,D224,,,AS 2374.1,22kV,415.0,200.0,Three Phase,"Australia,New Zealand",17303,Approved,False,98.94,,,Class 2,Oil Immersed,Unavailable,,
AS/NZS 2374.1.2:2003/Amdt 1:2005,ETEL,New Zealand,11000.0,D243,,,AS 2374.1,11kV,415.0,15.0,Three Phase,"Australia,New Zealand",17751,Approved,False,98.19,,,Class 2,Oil Immersed,Unavailable,,
AS/NZS 2374.1.2:2003/Amdt 1:2005,ETEL,New Zealand,11000.0,D253,,,AS 2374.1,11kV,250.0,10.0,Single Phase,"Australia,New Zealand",17930,Approved,False,98.3,,,Class 1,Oil Immersed,Unavailable,,
AS/NZS 2374.1.2:2003/Amdt 1:2005,ETEL,New Zealand,12700.0,D252,,,AS 2374.1,22kV,250.0,10.0,Single Phase,"Australia,New Zealand",17931,Approved,True,98.3,,,Class 1,Oil Immersed,Unavailable,,
AS/NZS 2374.1.2:2003/Amdt 1:2005,ETEL,New Zealand,11000.0,D254,,,AS 2374.1,11kV,250.0,25.0,Single Phase,"Australia,New Zealand",17932,Approved,False,98.7,,,Class 1,Oil Immersed,Unavailable,,
AS/NZS 2374.1.2:2003/Amdt 1:2005,ETEL,New Zealand,11000.0,D255,,,AS 2374.1,11kV,250.0,50.0,Single Phase,"Australia,New Zealand",17933,Approved,False,98.9,,,Class 1,Oil Immersed,Unavailable,,
AS/NZS 2374.1.2:2003/Amdt 1:2005,ABB,New Zealand,11000.0,X050NGS3H,,,AS 2374.1,11kV,240.0,50.0,Single Phase,New Zealand,45474,Approved,False,99.0,,,Class 1,Oil Immersed,Unavailable,,http://www.abb.co.nz
AS/NZS 2374.1.2:2003/Amdt 1:2005,ABB,New Zealand,11000.0,XK15NHM3H,,,AS 2374.1,11kV,415.0,1500.0,Three Phase,New Zealand,45502,Approved,False,99.38,,,Class 2,Oil Immersed,Unavailable,,http://www.abb.co.nz
AS/NZS 2374.1.2:2003/Amdt 1:2005,ABB,Vietnam,11000.0,X150NHW3E,,True,AS 60076.1:2005,11kV,415.0,150.0,Three Phase,New Zealand,45503,Superseded,False,99.13,2117-10-02,2018-07-26,Class 5,Dry Type,Available,http://new.abb.com/vn,http://www.abb.co.nz
Greenhouse and Energy Minimum Standards (Power Transformers) Determination 2012,CCT,Thailand,11000.0,123525-19 (1500kVA 11-0.433kV ONAN),,False,AS 2374.1,11kV,433.0,1500.0,Three Phase,"Australia,New Zealand",56523,Approved,False,99.42,2023-03-05,,Class 2,Oil Immersed,Available,,http://Charoenchai Transformers
Greenhouse and Energy Minimum Standards (Power Transformers) Determination 2012,CCT,Thailand,11000.0,123525-22 (1500kVA 11-0.433kV KNAN),,False,AS 2374.1,11kV,433.0,1500.0,Three Phase,"Australia,New Zealand",56524,Approved,False,99.42,2023-03-05,,Class 2,Oil Immersed,Available,,http://Charoenchai Transformers
Greenhouse and Energy Minimum Standards (Power Transformers) Determination 2012,CCT,Thailand,11000.0,123509-11 (100kVA 11-0.415kV),,True,AS 2374.1,11kV,415.0,100.0,Three Phase,Australia,64090,Approved,False,99.0,2022-11-17,,Class 2,Oil Immersed,Available,,http://Charoenchai Transformers
Greenhouse and Energy Minimum Standards (Power Transformers) Determination 2012,CCT,Thailand,11000.0,123528-37 (2500kVA 11-0.42kV),,False,AS 2374.1,11kV,420.0,2500.0,Three Phase,"Australia,New Zealand",69800,Approved,False,99.4,2023-01-22,,Class 2,Oil Immersed,Available,,http://Charoenchai Transformers
Greenhouse and Energy Minimum Standards (Power Transformers) Determination 2012,WILSON,Australia,11000.0,2000 kva 11kv,MEPS,False,AS 2374.1,11kV,433.0,2000.0,Three Phase,"Australia,Fiji,New Zealand",97791,Approved,False,99.42,2021-04-17,,Class 2,Oil Immersed,Available,http://www.wtc.com.au/,http://www.wtc.com.au
Greenhouse and Energy Minimum Standards (Power Transformers) Determination 2012,WILSON,Australia,11000.0,2000 kva 22kv,MEPS,False,AS 2374.1,11kV,433.0,2000.0,Three Phase,"Australia,Fiji,New Zealand",97791,Approved,False,99.42,2021-04-17,,Class 2,Oil Immersed,Available,http://www.wtc.com.au/,http://www.wtc.com.au
Greenhouse and Energy Minimum Standards (Power Transformers) Determination 2012,WILSON,Australia,11000.0,MEPS,MEPS,False,AS 2374.1,11kV,433.0,2000.0,Three Phase,"Australia,Fiji,New Zealand",97791,Approved,False,99.42,2021-04-17,,Class 2,Oil Immersed,Available,http://www.wtc.com.au/,http://www.wtc.com.au
Greenhouse and Energy Minimum Standards (Power Transformers) Determination 2012,WILSON,Australia,22000.0,200 kva 11 kv,MEPS,True,AS 2374.1,22kV,433.0,200.0,Three Phase,"Australia,New Zealand",97793,Approved,False,99.11,2021-04-17,,Class 2,Oil Immersed,Available,http://www.wtc.com.au/,http://www.wtc.com.au
Greenhouse and Energy Minimum Standards (Power Transformers) Determination 2012,WILSON,Australia,22000.0,200 kva 22kv,MEPS,True,AS 2374.1,22kV,433.0,200.0,Three Phase,"Australia,New Zealand",97793,Approved,False,99.11,2021-04-17,,Class 2,Oil Immersed,Available,http://www.wtc.com.au/,http://www.wtc.com.au
Greenhouse and Energy Minimum Standards (Power Transformers) Determination 2012,WILSON,Australia,22000.0,MEPS,MEPS,True,AS 2374.1,22kV,433.0,200.0,Three Phase,"Australia,New Zealand",97793,Approved,False,99.11,2021-04-17,,Class 2,Oil Immersed,Available,http://www.wtc.com.au/,http://www.wtc.com.au
Greenhouse and Energy Minimum Standards (Power Transformers) Determination 2012,WILSON,Australia,11000.0,100 kva 11kv,MEPS,False,AS 2374.1,11kV,433.0,100.0,Three Phase,"Australia,New Zealand",97795,Approved,False,98.93,2021-04-17,,Class 2,Oil Immersed,Available,http://www.wtc.com.au/,http://www.wtc.com.au
Greenhouse and Energy Minimum Standards (Power Transformers) Determination 2012,WILSON,Australia,11000.0,100 kva 22kv,MEPS,False,AS 2374.1,11kV,433.0,100.0,Three Phase,"Australia,New Zealand",97795,Approved,False,98.93,2021-04-17,,Class 2,Oil Immersed,Available,http://www.wtc.com.au/,http://www.wtc.com.au
Greenhouse and Energy Minimum Standards (Power Transformers) Determination 2012,WILSON,Australia,11000.0,MEPS,MEPS,False,AS 2374.1,11kV,433.0,100.0,Three Phase,"Australia,New Zealand",97795,Approved,False,98.93,2021-04-17,,Class 2,Oil Immersed,Available,http://www.wtc.com.au/,http://www.wtc.com.au
Greenhouse and Energy Minimum Standards (Power Transformers) Determination 2012,WILSON,Australia,11000.0,315 kva 11kv,MEPS,True,AS 2374.1,11kV,433.0,315.0,Three Phase,"Australia,New Zealand",97796,Approved,False,99.22,2021-04-17,,Class 2,Oil Immersed,Available,http://www.wtc.com.au/,http://www.wtc.com.au
Greenhouse and Energy Minimum Standards (Power Transformers) Determination 2012,WILSON,Australia,11000.0,315 kva 22kv,MEPS,True,AS 2374.1,11kV,433.0,315.0,Three Phase,"Australia,New Zealand",97796,Approved,False,99.22,2021-04-17,,Class 2,Oil Immersed,Available,http://www.wtc.com.au/,http://www.wtc.com.au
Greenhouse and Energy Minimum Standards (Power Transformers) Determination 2012,WILSON,Australia,11000.0,MEPS,MEPS,True,AS 2374.1,11kV,433.0,315.0,Three Phase,"Australia,New Zealand",97796,Approved,False,99.22,2021-04-17,,Class 2,Oil Immersed,Available,http://www.wtc.com.au/,http://www.wtc.com.au
Greenhouse and Energy Minimum Standards (Power Transformers) Determination 2012,WILSON,Australia,11000.0,500 kva 11kv,MEPS,True,AS 2374.1,11kV,433.0,500.0,Three Phase,"Australia,New Zealand",97797,Approved,False,99.3,2021-04-17,,Class 2,Oil Immersed,Available,http://www.wtc.com.au/,http://www.wtc.com.au
Greenhouse and Energy Minimum Standards (Power Transformers) Determination 2012,WILSON,Australia,11000.0,500 kva 22kv,MEPS,True,AS 2374.1,11kV,433.0,500.0,Three Phase,"Australia,New Zealand",97797,Approved,False,99.3,2021-04-17,,Class 2,Oil Immersed,Available,http://www.wtc.com.au/,http://www.wtc.com.au
Greenhouse and Energy Minimum Standards (Power Transformers) Determination 2012,WILSON,Australia,11000.0,MEPS,MEPS,True,AS 2374.1,11kV,433.0,500.0,Three Phase,"Australia,New Zealand",97797,Approved,False,99.3,2021-04-17,,Class 2,Oil Immersed,Available,http://www.wtc.com.au/,http://www.wtc.com.au
Greenhouse and Energy Minimum Standards (Power Transformers) Determination 2012,WILSON,Australia,11000.0,750 kva 11kv,MEPS,False,AS 2374.1,11kV,433.0,750.0,Three Phase,"Australia,New Zealand",97798,Approved,False,99.43,2021-04-17,,Class 2,Oil Immersed,Available,http://www.wtc.com.au/,http://www.wtc.com.au
Greenhouse and Energy Minimum Standards (Power Transformers) Determination 2012,WILSON,Australia,11000.0,750 kva 22kv,MEPS,False,AS 2374.1,11kV,433.0,750.0,Three Phase,"Australia,New Zealand",97798,Approved,False,99.43,2021-04-17,,Class 2,Oil Immersed,Available,http://www.wtc.com.au/,http://www.wtc.com.au
Greenhouse and Energy Minimum Standards (Power Transformers) Determination 2012,WILSON,Australia,11000.0,MEPS,MEPS,False,AS 2374.1,11kV,433.0,750.0,Three Phase,"Australia,New Zealand",97798,Approved,False,99.43,2021-04-17,,Class 2,Oil Immersed,Available,http://www.wtc.com.au/,http://www.wtc.com.au
Greenhouse and Energy Minimum Standards (Power Transformers) Determination 2012,WILSON,Australia,11000.0,1000 kva 11kv,MEPS,False,AS 2374.1,11kV,433.0,1000.0,Three Phase,"Australia,New Zealand",97799,Approved,False,99.38,2021-04-17,,Class 2,Oil Immersed,Available,http://www.wtc.com.au/,http://www.wtc.com.au
Greenhouse and Energy Minimum Standards (Power Transformers) Determination 2012,WILSON,Australia,11000.0,1000 kva 22kv,MEPS,False,AS 2374.1,11kV,433.0,1000.0,Three Phase,"Australia,New Zealand",97799,Approved,False,99.38,2021-04-17,,Class 2,Oil Immersed,Available,http://www.wtc.com.au/,http://www.wtc.com.au
Greenhouse and Energy Minimum Standards (Power Transformers) Determination 2012,WILSON,Australia,11000.0,MEPS,MEPS,False,AS 2374.1,11kV,433.0,1000.0,Three Phase,"Australia,New Zealand",97799,Approved,False,99.38,2021-04-17,,Class 2,Oil Immersed,Available,http://www.wtc.com.au/,http://www.wtc.com.au
Greenhouse and Energy Minimum Standards (Power Transformers) Determination 2012,WILSON,Australia,11000.0,1500 kva 11kv,MEPS,False,AS 2374.1,11kV,433.0,1500.0,Three Phase,"Australia,Fiji,New Zealand",97800,Approved,False,99.44,2021-04-17,,Class 2,Oil Immersed,Available,http://www.wtc.com.au/,http://www.wtc.com.au
Greenhouse and Energy Minimum Standards (Power Transformers) Determination 2012,WILSON,Australia,11000.0,1500 kva 22kv,MEPS,False,AS 2374.1,11kV,433.0,1500.0,Three Phase,"Australia,Fiji,New Zealand",97800,Approved,False,99.44,2021-04-17,,Class 2,Oil Immersed,Available,http://www.wtc.com.au/,http://www.wtc.com.au
Greenhouse and Energy Minimum Standards (Power Transformers) Determination 2012,WILSON,Australia,11000.0,MEPS,MEPS,False,AS 2374.1,11kV,433.0,1500.0,Three Phase,"Australia,Fiji,New Zealand",97800,Approved,False,99.44,2021-04-17,,Class 2,Oil Immersed,Available,http://www.wtc.com.au/,http://www.wtc.com.au
Greenhouse and Energy Minimum Standards (Power Transformers) Determination 2012,HC Trans,South Korea,22000.0,MP1500,,False,AS 2374.1,22kV,433.0,1500.0,Three Phase,"Australia,New Zealand",98058,Approved,False,99.4,2021-05-03,,Class 2,Oil Immersed,Available,http://www.hctr.co.kr/,http://www.hctr.co.kr/
Greenhouse and Energy Minimum Standards (Power Transformers) Determination 2012,TYREE,Australia,22000.0,25M2**,25M2**,False,AS 2374.1,22kV,500.0,25.0,Single Phase,"Australia,Fiji,New Zealand",98399,Approved,False,98.83,2021-06-06,,Class 1,Oil Immersed,Available,http://tyree.com.au/,http://www.tyree.com.au
Greenhouse and Energy Minimum Standards (Power Transformers) Determination 2012,TYREE,Australia,22000.0,25M2JE,25M2**,False,AS 2374.1,22kV,500.0,25.0,Single Phase,"Australia,Fiji,New Zealand",98399,Approved,False,98.83,2021-06-06,,Class 1,Oil Immersed,Available,http://tyree.com.au/,http://www.tyree.com.au
Greenhouse and Energy Minimum Standards (Power Transformers) Determination 2012,TYREE,Australia,22000.0,50M**,50M**,True,AS 2374.1,22kV,500.0,50.0,Single Phase,"Australia,Fiji,New Zealand",98405,Approved,False,99.09,2021-05-10,,Class 1,Oil Immersed,Available,http://tyree.com.au/,http://www.tyree.com.au
Greenhouse and Energy Minimum Standards (Power Transformers) Determination 2012,TYREE,Australia,22000.0,50MJE,50M**,True,AS 2374.1,22kV,500.0,50.0,Single Phase,"Australia,Fiji,New Zealand",98405,Approved,False,99.09,2021-05-10,,Class 1,Oil Immersed,Available,http://tyree.com.au/,http://www.tyree.com.au
Greenhouse and Energy Minimum Standards (Power Transformers) Determination 2012,TYREE,Australia,11000.0,2000M4**,2000M4**,False,AS 2374.1,11kV,415.0,2000.0,Three Phase,"Australia,Fiji,New Zealand",98422,Approved,False,99.41,2021-05-16,,Class 2,Oil Immersed,Available,http://tyree.com.au/,http://www.tyree.com.au
Greenhouse and Energy Minimum Standards (Power Transformers) Determination 2012,TYREE,Australia,11000.0,2000M426,2000M4**,False,AS 2374.1,11kV,415.0,2000.0,Three Phase,"Australia,Fiji,New Zealand",98422,Approved,False,99.41,2021-05-16,,Class 2,Oil Immersed,Available,http://tyree.com.au/,http://www.tyree.com.au
Greenhouse and Energy Minimum Standards (Power Transformers) Determination 2012,TYREE,Australia,11000.0,25M4,25M4**,False,AS 2374.1,11kV,433.0,25.0,Three Phase,"Australia,Fiji,New Zealand",102345,Approved,False,98.49,2021-10-04,,Class 2,Oil Immersed,Available,http://tyree.com.au/,http://www.tyree.com.au
Greenhouse and Energy Minimum Standards (Power Transformers) Determination 2012,TYREE,Australia,11000.0,25M4**,25M4**,False,AS 2374.1,11kV,433.0,25.0,Three Phase,"Australia,Fiji,New Zealand",102345,Approved,False,98.49,2021-10-04,,Class 2,Oil Immersed,Available,http://tyree.com.au/,http://www.tyree.com.au
Greenhouse and Energy Minimum Standards (Power Transformers) Determination 2012,TYREE,Australia,11000.0,25M4JE,25M4**,False,AS 2374.1,11kV,433.0,25.0,Three Phase,"Australia,Fiji,New Zealand",102345,Approved,False,98.49,2021-10-04,,Class 2,Oil Immersed,Available,http://tyree.com.au/,http://www.tyree.com.au
Greenhouse and Energy Minimum Standards (Power Transformers) Determination 2012,TYREE,Italy,11000.0,100M4,100M4**,False,AS 2374.1,11kV,433.0,100.0,Three Phase,"Australia,Fiji,New Zealand",102347,Approved,False,98.82,2021-10-04,,Class 2,Oil Immersed,Available,http://tyree.com.au/,http://www.tyree.com.au
Greenhouse and Energy Minimum Standards (Power Transformers) Determination 2012,TYREE,Italy,11000.0,100M4**,100M4**,False,AS 2374.1,11kV,433.0,100.0,Three Phase,"Australia,Fiji,New Zealand",102347,Approved,False,98.82,2021-10-04,,Class 2,Oil Immersed,Available,http://tyree.com.au/,http://www.tyree.com.au
Greenhouse and Energy Minimum Standards (Power Transformers) Determination 2012,TYREE,Italy,11000.0,100M4JSA-50,100M4**,False,AS 2374.1,11kV,433.0,100.0,Three Phase,"Australia,Fiji,New Zealand",102347,Approved,False,98.82,2021-10-04,,Class 2,Oil Immersed,Available,http://tyree.com.au/,http://www.tyree.com.au
Greenhouse and Energy Minimum Standards (Power Transformers) Determination 2012,SCHNEIDER ELECTRIC,Australia,11000.0,MG1000,MG1000,False,AS 2374.1,11kV,433.0,1000.0,Three Phase,Australia,105710,Approved,False,99.37,2022-04-03,,Class 2,Oil Immersed,Available,,
Greenhouse and Energy Minimum Standards (Power Transformers) Determination 2012,SCHNEIDER ELECTRIC,Australia,11000.0,MG1000-11kV,MG1000,False,AS 2374.1,11kV,433.0,1000.0,Three Phase,Australia,105710,Approved,False,99.37,2022-04-03,,Class 2,Oil Immersed,Available,,
Greenhouse and Energy Minimum Standards (Power Transformers) Determination 2012,SCHNEIDER ELECTRIC,Australia,11000.0,MG1000-22kV,MG1000,False,AS 2374.1,11kV,433.0,1000.0,Three Phase,Australia,105710,Approved,False,99.37,2022-04-03,,Class 2,Oil Immersed,Available,,
Greenhouse and Energy Minimum Standards (Power Transformers) Determination 2012,SCHNEIDER ELECTRIC,Australia,11000.0,MG800,MG800,True,AS 2374.1,11kV,433.0,800.0,Three Phase,Australia,106026,Approved,False,99.41,2022-04-03,,Class 2,Oil Immersed,Available,,
Greenhouse and Energy Minimum Standards (Power Transformers) Determination 2012,SCHNEIDER ELECTRIC,Australia,11000.0,MG800-11kV,MG800,True,AS 2374.1,11kV,433.0,800.0,Three Phase,Australia,106026,Approved,False,99.41,2022-04-03,,Class 2,Oil Immersed,Available,,
Greenhouse and Energy Minimum Standards (Power Transformers) Determination 2012,SCHNEIDER ELECTRIC,Australia,11000.0,MG800-22kV,MG800,True,AS 2374.1,11kV,433.0,800.0,Three Phase,Australia,106026,Approved,False,99.41,2022-04-03,,Class 2,Oil Immersed,Available,,
Greenhouse and Energy Minimum Standards (Power Transformers) Determination 2012,SCHNEIDER ELECTRIC,Australia,11000.0,MG600,MG600,True,AS 2374.1,11kV,433.0,600.0,Three Phase,Australia,106043,Approved,False,99.29,2022-04-03,,Class 2,Oil Immersed,Available,,
Greenhouse and Energy Minimum Standards (Power Transformers) Determination 2012,SCHNEIDER ELECTRIC,Australia,11000.0,MG600-11kV,MG600,True,AS 2374.1,11kV,433.0,600.0,Three Phase,Australia,106043,Approved,False,99.29,2022-04-03,,Class 2,Oil Immersed,Available,,
Greenhouse and Energy Minimum Standards (Power Transformers) Determination 2012,SCHNEIDER ELECTRIC,Australia,11000.0,MG600-22kV,MG600,True,AS 2374.1,11kV,433.0,600.0,Three Phase,Australia,106043,Approved,False,99.29,2022-04-03,,Class 2,Oil Immersed,Available,,
Greenhouse and Energy Minimum Standards (Power Transformers) Determination 2012,SCHNEIDER ELECTRIC,Australia,11000.0,MG400,MG400,True,AS 2374.1,11kV,433.0,400.0,Three Phase,Australia,106044,Approved,False,99.33,2022-04-03,,Class 2,Oil Immersed,Available,,
Greenhouse and Energy Minimum Standards (Power Transformers) Determination 2012,SCHNEIDER ELECTRIC,Australia,11000.0,MG400-11kV,MG400,True,AS 2374.1,11kV,433.0,400.0,Three Phase,Australia,106044,Approved,False,99.33,2022-04-03,,Class 2,Oil Immersed,Available,,
Greenhouse and Energy Minimum Standards (Power Transformers) Determination 2012,SCHNEIDER ELECTRIC,Australia,11000.0,MG400-22kV,MG400,True,AS 2374.1,11kV,433.0,400.0,Three Phase,Australia,106044,Approved,False,99.33,2022-04-03,,Class 2,Oil Immersed,Available,,
Greenhouse and Energy Minimum Standards (Power Transformers) Determination 2012,SCHNEIDER ELECTRIC,Australia,11000.0,MG1500,MG1500,False,AS 2374.1,11kV,433.0,1500.0,Three Phase,Australia,106060,Approved,False,99.41,2022-04-03,,Class 2,Oil Immersed,Available,,
Greenhouse and Energy Minimum Standards (Power Transformers) Determination 2012,SCHNEIDER ELECTRIC,Australia,11000.0,MG1500-11kV,MG1500,False,AS 2374.1,11kV,433.0,1500.0,Three Phase,Australia,106060,Approved,False,99.41,2022-04-03,,Class 2,Oil Immersed,Available,,
Greenhouse and Energy Minimum Standards (Power Transformers) Determination 2012,SCHNEIDER ELECTRIC,Australia,11000.0,MG1500-22kV,MG1500,False,AS 2374.1,11kV,433.0,1500.0,Three Phase,Australia,106060,Approved,False,99.41,2022-04-03,,Class 2,Oil Immersed,Available,,
Greenhouse and Energy Minimum Standards (Power Transformers) Determination 2012,SCHNEIDER ELECTRIC,Australia,11000.0,MG2000,,False,AS 2374.1,11kV,433.0,2000.0,Three Phase,Australia,106062,Approved,False,99.44,2022-04-03,,Class 2,Oil Immersed,Available,,
Greenhouse and Energy Minimum Standards (Power Transformers) Determination 2012,SCHNEIDER ELECTRIC,Australia,11000.0,MG2500,MG2500,False,AS 2374.1,11kV,433.0,2500.0,Three Phase,Australia,106063,Approved,False,99.5,2022-04-03,,Class 2,Oil Immersed,Available,,
Greenhouse and Energy Minimum Standards (Power Transformers) Determination 2012,SCHNEIDER ELECTRIC,Australia,11000.0,MG2500-11kV,MG2500,False,AS 2374.1,11kV,433.0,2500.0,Three Phase,Australia,106063,Approved,False,99.5,2022-04-03,,Class 2,Oil Immersed,Available,,
Greenhouse and Energy Minimum Standards (Power Transformers) Determination 2012,SCHNEIDER ELECTRIC,Australia,11000.0,MG2500-22kV,MG2500,False,AS 2374.1,11kV,433.0,2500.0,Three Phase,Australia,106063,Approved,False,99.5,2022-04-03,,Class 2,Oil Immersed,Available,,
Greenhouse and Energy Minimum Standards (Power Transformers) Determination 2012,SCHNEIDER ELECTRIC,Australia,11000.0,MG500,MG500,False,AS 2374.1,11kV,415.0,500.0,Three Phase,Australia,106064,Approved,False,99.23,2022-04-03,,Class 2,Oil Immersed,Available,,
Greenhouse and Energy Minimum Standards (Power Transformers) Determination 2012,SCHNEIDER ELECTRIC,Australia,11000.0,MG500-11kV,MG500,False,AS 2374.1,11kV,415.0,500.0,Three Phase,Australia,106064,Approved,False,99.23,2022-04-03,,Class 2,Oil Immersed,Available,,
Greenhouse and Energy Minimum Standards (Power Transformers) Determination 2012,SCHNEIDER ELECTRIC,Australia,11000.0,MG500-22kV,MG500,False,AS 2374.1,11kV,415.0,500.0,Three Phase,Australia,106064,Approved,False,99.23,2022-04-03,,Class 2,Oil Immersed,Available,,
Greenhouse and Energy Minimum Standards (Power Transformers) Determination 2012,SCHNEIDER ELECTRIC,Australia,11000.0,MG750,MG750,False,AS 2374.1,11kV,433.0,750.0,Three Phase,Australia,106066,Approved,False,99.31,2022-04-03,,Class 2,Oil Immersed,Available,,
Greenhouse and Energy Minimum Standards (Power Transformers) Determination 2012,SCHNEIDER ELECTRIC,Australia,11000.0,MG750-11kV,MG750,False,AS 2374.1,11kV,433.0,750.0,Three Phase,Australia,106066,Approved,False,99.31,2022-04-03,,Class 2,Oil Immersed,Available,,
Greenhouse and Energy Minimum Standards (Power Transformers) Determination 2012,SCHNEIDER ELECTRIC,Australia,11000.0,MG750-22kV,MG750,False,AS 2374.1,11kV,433.0,750.0,Three Phase,Australia,106066,Approved,False,99.31,2022-04-03,,Class 2,Oil Immersed,Available,,
Greenhouse and Energy Minimum Standards (Power Transformers) Determination 2012,SCHNEIDER ELECTRIC,Australia,11000.0,MG200,MG200,False,AS 2374.1,11kV,433.0,200.0,Three Phase,Australia,106244,Approved,False,99.11,2022-04-03,,Class 2,Oil Immersed,Available,,
Greenhouse and Energy Minimum Standards (Power Transformers) Determination 2012,SCHNEIDER ELECTRIC,Australia,11000.0,MG200-11kV,MG200,False,AS 2374.1,11kV,433.0,200.0,Three Phase,Australia,106244,Approved,False,99.11,2022-04-03,,Class 2,Oil Immersed,Available,,
Greenhouse and Energy Minimum Standards (Power Transformers) Determination 2012,SCHNEIDER ELECTRIC,Australia,11000.0,MG200-22kV,MG200,False,AS 2374.1,11kV,433.0,200.0,Three Phase,Australia,106244,Approved,False,99.11,2022-04-03,,Class 2,Oil Immersed,Available,,
Greenhouse and Energy Minimum Standards (Power Transformers) Determination 2012,SCHNEIDER ELECTRIC,Australia,22000.0,MG300,MG300,False,AS 2374.1,22kV,433.0,300.0,Three Phase,Australia,106246,Approved,False,99.18,2022-04-03,,Class 2,Oil Immersed,Available,,
Greenhouse and Energy Minimum Standards (Power Transformers) Determination 2012,SCHNEIDER ELECTRIC,Australia,22000.0,MG300-11kV,MG300,False,AS 2374.1,22kV,433.0,300.0,Three Phase,Australia,106246,Approved,False,99.18,2022-04-03,,Class 2,Oil Immersed,Available,,
Greenhouse and Energy Minimum Standards (Power Transformers) Determination 2012,SCHNEIDER ELECTRIC,Australia,22000.0,MG300-22kV,MG300,False,AS 2374.1,22kV,433.0,300.0,Three Phase,Australia,106246,Approved,False,99.18,2022-04-03,,Class 2,Oil Immersed,Available,,
Greenhouse and Energy Minimum Standards (Power Transformers) Determination 2012,SCHNEIDER ELECTRIC,Australia,11000.0,MG315,MG315,False,AS 2374.1,11kV,433.0,315.0,Three Phase,Australia,106248,Approved,False,99.09,2022-04-03,,Class 2,Oil Immersed,Available,,
Greenhouse and Energy Minimum Standards (Power Transformers) Determination 2012,SCHNEIDER ELECTRIC,Australia,11000.0,MG315-11kV,MG315,False,AS 2374.1,11kV,433.0,315.0,Three Phase,Australia,106248,Approved,False,99.09,2022-04-03,,Class 2,Oil Immersed,Available,,
Greenhouse and Energy Minimum Standards (Power Transformers) Determination 2012,SCHNEIDER ELECTRIC,Australia,11000.0,MG315-22kV,MG315,False,AS 2374.1,11kV,433.0,315.0,Three Phase,Australia,106248,Approved,False,99.09,2022-04-03,,Class 2,Oil Immersed,Available,,
Greenhouse and Energy Minimum Standards (Power Transformers) Determination 2012,SCHNEIDER ELECTRIC,Australia,22000.0,MG100,MG100,False,AS 2374.1,22kV,433.0,100.0,Three Phase,Australia,106250,Approved,False,98.99,2022-04-03,,Class 2,Oil Immersed,Available,,
Greenhouse and Energy Minimum Standards (Power Transformers) Determination 2012,SCHNEIDER ELECTRIC,Australia,22000.0,MG100-11kV,MG100,False,AS 2374.1,22kV,433.0,100.0,Three Phase,Australia,106250,Approved,False,98.99,2022-04-03,,Class 2,Oil Immersed,Available,,
Greenhouse and Energy Minimum Standards (Power Transformers) Determination 2012,SCHNEIDER ELECTRIC,Australia,22000.0,MG100-22kV,MG100,False,AS 2374.1,22kV,433.0,100.0,Three Phase,Australia,106250,Approved,False,98.99,2022-04-03,,Class 2,Oil Immersed,Available,,
Greenhouse and Energy Minimum Standards (Power Transformers) Determination 2012,SCHNEIDER ELECTRIC,Australia,11000.0,MG250,MG250,False,AS 2374.1,11kV,415.0,250.0,Three Phase,Australia,106252,Approved,False,99.13,2022-04-03,,Class 2,Oil Immersed,Available,,
Greenhouse and Energy Minimum Standards (Power Transformers) Determination 2012,SCHNEIDER ELECTRIC,Australia,11000.0,MG250-11kV,MG250,False,AS 2374.1,11kV,415.0,250.0,Three Phase,Australia,106252,Approved,False,99.13,2022-04-03,,Class 2,Oil Immersed,Available,,
Greenhouse and Energy Minimum Standards (Power Transformers) Determination 2012,SCHNEIDER ELECTRIC,Australia,11000.0,MG250-22kV,MG250,False,AS 2374.1,11kV,415.0,250.0,Three Phase,Australia,106252,Approved,False,99.13,2022-04-03,,Class 2,Oil Immersed,Available,,
Greenhouse and Energy Minimum Standards (Power Transformers) Determination 2012,SCHNEIDER ELECTRIC,Australia,11000.0,MG1250,MG1250,False,AS 2374.1,11kV,433.0,1250.0,Three Phase,Australia,106253,Approved,False,99.43,2022-04-03,,Class 2,Oil Immersed,Available,,
Greenhouse and Energy Minimum Standards (Power Transformers) Determination 2012,SCHNEIDER ELECTRIC,Australia,11000.0,MG1250-11kV,MG1250,False,AS 2374.1,11kV,433.0,1250.0,Three Phase,Australia,106253,Approved,False,99.43,2022-04-03,,Class 2,Oil Immersed,Available,,
Greenhouse and Energy Minimum Standards (Power Transformers) Determination 2012,SCHNEIDER ELECTRIC,Australia,11000.0,MG1250-22kV,MG1250,False,AS 2374.1,11kV,433.0,1250.0,Three Phase,Australia,106253,Approved,False,99.43,2022-04-03,,Class 2,Oil Immersed,Available,,
Greenhouse and Energy Minimum Standards (Power Transformers) Determination 2012,TYREE,Australia,11000.0,16M**,16M**,False,AS 2374.1,11kV,500.0,16.0,Single Phase,"Australia,Fiji,New Zealand",106864,Approved,False,98.54,2022-05-03,,Class 1,Oil Immersed,Available,http://tyree.com.au/,http://www.tyree.com.au
Greenhouse and Energy Minimum Standards (Power Transformers) Determination 2012,TYREE,Australia,11000.0,16M1,16M**,False,AS 2374.1,11kV,500.0,16.0,Single Phase,"Australia,Fiji,New Zealand",106864,Approved,False,98.54,2022-05-03,,Class 1,Oil Immersed,Available,http://tyree.com.au/,http://www.tyree.com.au
Greenhouse and Energy Minimum Standards (Power Transformers) Determination 2012,TYREE,Australia,11000.0,16M1JSA,16M**,False,AS 2374.1,11kV,500.0,16.0,Single Phase,"Australia,Fiji,New Zealand",106864,Approved,False,98.54,2022-05-03,,Class 1,Oil Immersed,Available,http://tyree.com.au/,http://www.tyree.com.au
Greenhouse and Energy Minimum Standards (Power Transformers) Determination 2012,TYREE,Australia,22000.0,200M**,200M**,False,AS 2374.1,22kV,433.0,200.0,Three Phase,"Australia,Fiji,New Zealand",106868,Approved,False,99.12,2022-05-19,,Class 2,Oil Immersed,Available,http://tyree.com.au/,http://www.tyree.com.au
Greenhouse and Energy Minimum Standards (Power Transformers) Determination 2012,TYREE,Australia,22000.0,200M5**,200M**,False,AS 2374.1,22kV,433.0,200.0,Three Phase,"Australia,Fiji,New Zealand",106868,Approved,False,99.12,2022-05-19,,Class 2,Oil Immersed,Available,http://tyree.com.au/,http://www.tyree.com.au
Greenhouse and Energy Minimum Standards (Power Transformers) Determination 2012,TYREE,Australia,22000.0,200M5JA-B,200M**,False,AS 2374.1,22kV,433.0,200.0,Three Phase,"Australia,Fiji,New Zealand",106868,Approved,False,99.12,2022-05-19,,Class 2,Oil Immersed,Available,http://tyree.com.au/,http://www.tyree.com.au
Greenhouse and Energy Minimum Standards (Power Transformers) Determination 2012,TYREE,Australia,11000.0,315M4,315M4**,False,AS 2374.1,11kV,433.0,315.0,Three Phase,"Australia,Fiji,New Zealand",106869,Approved,False,99.12,2022-05-03,,Class 2,Oil Immersed,Available,http://tyree.com.au/,http://www.tyree.com.au
Greenhouse and Energy Minimum Standards (Power Transformers) Determination 2012,TYREE,Australia,11000.0,315M4**,315M4**,False,AS 2374.1,11kV,433.0,315.0,Three Phase,"Australia,Fiji,New Zealand",106869,Approved,False,99.12,2022-05-03,,Class 2,Oil Immersed,Available,http://tyree.com.au/,http://www.tyree.com.au
Greenhouse and Energy Minimum Standards (Power Transformers) Determination 2012,TYREE,Australia,11000.0,315M4JSA,315M4**,False,AS 2374.1,11kV,433.0,315.0,Three Phase,"Australia,Fiji,New Zealand",106869,Approved,False,99.12,2022-05-03,,Class 2,Oil Immersed,Available,http://tyree.com.au/,http://www.tyree.com.au
Greenhouse and Energy Minimum Standards (Power Transformers) Determination 2012,TYREE,Australia,11000.0,500AA4,500AA4**,False,AS 2374.1,11kV,433.0,500.0,Three Phase,"Australia,Fiji,New Zealand",106872,Approved,False,99.31,2022-05-05,,Class 2,Oil Immersed,Available,http://tyree.com.au/,http://www.tyree.com.au
Greenhouse and Energy Minimum Standards (Power Transformers) Determination 2012,TYREE,Australia,11000.0,500AA4**,500AA4**,False,AS 2374.1,11kV,433.0,500.0,Three Phase,"Australia,Fiji,New Zealand",106872,Approved,False,99.31,2022-05-05,,Class 2,Oil Immersed,Available,http://tyree.com.au/,http://www.tyree.com.au
Greenhouse and Energy Minimum Standards (Power Transformers) Determination 2012,TYREE,Australia,11000.0,500AA4JAI-C,500AA4**,False,AS 2374.1,11kV,433.0,500.0,Three Phase,"Australia,Fiji,New Zealand",106872,Approved,False,99.31,2022-05-05,,Class 2,Oil Immersed,Available,http://tyree.com.au/,http://www.tyree.com.au
Greenhouse and Energy Minimum Standards (Power Transformers) Determination 2012,TYREE,Australia,22000.0,630K5,630K5**,False,AS 2374.1,22kV,440.0,630.0,Three Phase,"Australia,Fiji,New Zealand",106875,Approved,False,99.2,2022-05-19,,Class 2,Oil Immersed,Available,http://tyree.com.au/,http://www.tyree.com.au
Greenhouse and Energy Minimum Standards (Power Transformers) Determination 2012,TYREE,Australia,22000.0,630K5**,630K5**,False,AS 2374.1,22kV,440.0,630.0,Three Phase,"Australia,Fiji,New Zealand",106875,Approved,False,99.2,2022-05-19,,Class 2,Oil Immersed,Available,http://tyree.com.au/,http://www.tyree.com.au
Greenhouse and Energy Minimum Standards (Power Transformers) Determination 2012,TYREE,Australia,22000.0,630K5WPCT-1,630K5**,False,AS 2374.1,22kV,440.0,630.0,Three Phase,"Australia,Fiji,New Zealand",106875,Approved,False,99.2,2022-05-19,,Class 2,Oil Immersed,Available,http://tyree.com.au/,http://www.tyree.com.au
Greenhouse and Energy Minimum Standards (Power Transformers) Determination 2012,TYREE,Australia,11000.0,750K4,750K4**,False,AS 2374.1,11kV,433.0,750.0,Three Phase,"Australia,Fiji,New Zealand",106877,Approved,False,99.32,2022-05-03,,Class 2,Oil Immersed,Available,http://tyree.com.au/,http://www.tyree.com.au
Greenhouse and Energy Minimum Standards (Power Transformers) Determination 2012,TYREE,Australia,11000.0,750K4**,750K4**,False,AS 2374.1,11kV,433.0,750.0,Three Phase,"Australia,Fiji,New Zealand",106877,Approved,False,99.32,2022-05-03,,Class 2,Oil Immersed,Available,http://tyree.com.au/,http://www.tyree.com.au
Greenhouse and Energy Minimum Standards (Power Transformers) Determination 2012,TYREE,Australia,11000.0,750K4JE-66,750K4**,False,AS 2374.1,11kV,433.0,750.0,Three Phase,"Australia,Fiji,New Zealand",106877,Approved,False,99.32,2022-05-03,,Class 2,Oil Immersed,Available,http://tyree.com.au/,http://www.tyree.com.au
Greenhouse and Energy Minimum Standards (Power Transformers) Determination 2012,TYREE,Australia,22000.0,1000K5,1000K5**,False,AS 2374.1,22kV,433.0,1000.0,Three Phase,"Australia,Fiji,New Zealand",106882,Approved,False,99.36,2022-05-19,,Class 2,Oil Immersed,Available,http://tyree.com.au/,http://www.tyree.com.au
Greenhouse and Energy Minimum Standards (Power Transformers) Determination 2012,TYREE,Australia,22000.0,1000K5**,1000K5**,False,AS 2374.1,22kV,433.0,1000.0,Three Phase,"Australia,Fiji,New Zealand",106882,Approved,False,99.36,2022-05-19,,Class 2,Oil Immersed,Available,http://tyree.com.au/,http://www.tyree.com.au
Greenhouse and Energy Minimum Standards (Power Transformers) Determination 2012,TYREE,Australia,22000.0,1000K5JE,1000K5**,False,AS 2374.1,22kV,433.0,1000.0,Three Phase,"Australia,Fiji,New Zealand",106882,Approved,False,99.36,2022-05-19,,Class 2,Oil Immersed,Available,http://tyree.com.au/,http://www.tyree.com.au
AS/NZS 2374.1.2:2003/Amdt 1:2005,ABB,Vietnam,11000.0,X100NHW3L,,False,AS 60076.1:2005,11kV,415.0,100.0,Three Phase,New Zealand,107875,Approved,False,98.96,2117-10-02,,Class 2,Oil Immersed,Available,http://new.abb.com/vn,http://www.abb.co.nz
AS/NZS 2374.1.2:2003/Amdt 1:2005,ABB,Vietnam,11000.0,X050NHW3M,,False,AS 60076.1:2005,11kV,415.0,50.0,Three Phase,New Zealand,108406,Approved,False,98.68,2117-09-04,,Class 2,Oil Immersed,Available,http://new.abb.com/vn,http://www.abb.co.nz
AS/NZS 2374.1.2:2003/Amdt 1:2005,ABB,Vietnam,11000.0,X015NGS3I,,True,AS 60076.1:2005,11kV,240.0,15.0,Single Phase,New Zealand,108414,Approved,False,98.63,2117-10-02,,Class 1,Oil Immersed,Available,,http://www.abb.co.nz
Greenhouse and Energy Minimum Standards (Power Transformers) Determination 2012,HC Trans,South Korea,11000.0,MP2500,,False,AS 2374.1,11kV,433.0,2500.0,Three Phase,Australia,110210,Approved,False,99.43,2022-09-29,,Class 2,Oil Immersed,Available,http://www.hctr.co.kr/,http://www.hctr.co.kr/
AS/NZS 2374.1.2:2003/Amdt 1:2005,ABB,Vietnam,11000.0,X200NHW3H,,True,AS 60076.1:2005,11kV,415.0,200.0,Three Phase,New Zealand,110341,Approved,False,99.14,2117-10-02,,Class 2,Oil Immersed,Available,http://new.abb.com/vn,http://www.abb.co.nz
AS/NZS 2374.1.2:2003/Amdt 1:2005,ABB,Vietnam,11000.0,X300NHM3R,,True,AS 60076.1:2005,11kV,415.0,300.0,Three Phase,New Zealand,110405,Approved,False,99.24,2117-10-05,,Class 2,Oil Immersed,Available,http://new.abb.com/vn,http://www.abb.co.nz
AS/NZS 2374.1.2:2003/Amdt 1:2005,ABB,Vietnam,11000.0,X500NHM3S,,True,AS 60076.1:2005,11kV,415.0,500.0,Three Phase,New Zealand,110412,Approved,False,99.3,2117-10-05,,Class 2,Oil Immersed,Available,http://new.abb.com/vn,http://www.abb.co.nz
AS/NZS 2374.1.2:2003/Amdt 1:2005,ABB,Vietnam,11000.0,X750NHM3I,,True,AS 60076.1:2005,11kV,415.0,750.0,Three Phase,New Zealand,110415,Approved,False,99.36,2117-10-05,,Class 2,Oil Immersed,Available,http://new.abb.com/vn,http://www.abb.co.nz
AS/NZS 2374.1.2:2003/Amdt 1:2005,ABB,Vietnam,22000.0,X015PAS3A,,True,AS 60076.1:2005,22kV,240.0,15.0,Single Phase,New Zealand,110416,Approved,False,98.66,2117-10-05,,Class 1,Oil Immersed,Available,http://new.abb.com/vn,http://www.abb.co.nz
AS/NZS 2374.1.2:2003/Amdt 1:2005,ABB,Vietnam,11000.0,X075NHW3I,,True,AS 60076.1:2005,11kV,415.0,75.0,Three Phase,New Zealand,110418,Approved,False,99.02,2117-10-05,,Class 2,Oil Immersed,Unavailable,http://new.abb.com/vn,http://www.abb.co.nz
AS/NZS 2374.1.2:2003/Amdt 1:2005,ABB,Vietnam,11000.0,XK10NHM3F,,False,AS 60076.1:2005,11kV,415.0,1000.0,Three Phase,New Zealand,110473,Approved,False,99.35,2117-10-17,,Class 2,Oil Immersed,Available,http://new.abb.com/vn,http://www.abb.co.nz
Greenhouse and Energy Minimum Standards (Power Transformers) Determination 2012,Cast Resin Transformer,Germany,22000.0,290304,DTTH 160/20,True,AS 2374.1,22kV,400.0,100.0,Three Phase,"Australia,New Zealand",112309,Approved,False,98.55,2023-02-05,,Class 6,Dry Type,Available,,https://www.sgb-smit.com/de/
Greenhouse and Energy Minimum Standards (Power Transformers) Determination 2012,Cast Resin Transformer,Germany,22000.0,290305,DTTH 160/20,True,AS 2374.1,22kV,400.0,100.0,Three Phase,"Australia,New Zealand",112309,Approved,False,98.55,2023-02-05,,Class 6,Dry Type,Available,,https://www.sgb-smit.com/de/
Greenhouse and Energy Minimum Standards (Power Transformers) Determination 2012,Cast Resin Transformer,Germany,22000.0,DTTH 160/20,DTTH 160/20,True,AS 2374.1,22kV,400.0,100.0,Three Phase,"Australia,New Zealand",112309,Approved,False,98.55,2023-02-05,,Class 6,Dry Type,Available,,https://www.sgb-smit.com/de/
Greenhouse and Energy Minimum Standards (Power Transformers) Determination 2012,CCT,Thailand,22000.0,123519-17 (500kVA 22-0.433kV ONAN),,True,AS 2374.1,22kV,433.0,500.0,Three Phase,"Australia,New Zealand",112585,Approved,False,99.26,2023-02-25,,Class 2,Oil Immersed,Available,,http://Charoenchai Transformers
Greenhouse and Energy Minimum Standards (Power Transformers) Determination 2012,CCT,Thailand,22000.0,123228-24 (2500kVA 22-6.9kV ONAN),,False,AS 2374.1,22kV,6900.0,2500.0,Three Phase,"Australia,New Zealand",112586,Approved,False,99.41,2023-03-05,,Class 2,Oil Immersed,Available,,http://Charoenchai Transformers
Greenhouse and Energy Minimum Standards (Power Transformers) Determination 2012,"ABB Hefei Transformer Co., Ltd",China,22000.0,S11-M-2500/22,,False,AS 2374.1,22kV,480.0,2500.0,Three Phase,Australia,114075,Approved,True,99.44,2023-06-22,,Class 2,Oil Immersed,Available,http://www.abb.com.cn,http://www.abb.com.cn
Greenhouse and Energy Minimum Standards (Power Transformers) Determination 2012,Cast Resin Transformer,Germany,11000.0,291265,,True,AS 2374.1,11kV,690.0,2500.0,Three Phase,Australia,114683,Approved,False,99.34,2023-05-28,,Class 5,Dry Type,Available,,https://www.sgb-smit.com/de/
Greenhouse and Energy Minimum Standards (Power Transformers) Determination 2012,Cast Resin Transformer,Germany,11000.0,291266,DTTH 200/10,True,AS 2374.1,11kV,415.0,200.0,Three Phase,"Australia,New Zealand",114998,Approved,False,98.82,2023-06-14,,Class 5,Dry Type,Available,,https://www.sgb-smit.com/de/
Greenhouse and Energy Minimum Standards (Power Transformers) Determination 2012,Cast Resin Transformer,Germany,11000.0,291267,DTTH 200/10,True,AS 2374.1,11kV,415.0,200.0,Three Phase,"Australia,New Zealand",114998,Approved,False,98.82,2023-06-14,,Class 5,Dry Type,Available,,https://www.sgb-smit.com/de/
Greenhouse and Energy Minimum Standards (Power Transformers) Determination 2012,Cast Resin Transformer,Germany,11000.0,DTTH 200/10,DTTH 200/10,True,AS 2374.1,11kV,415.0,200.0,Three Phase,"Australia,New Zealand",114998,Approved,False,98.82,2023-06-14,,Class 5,Dry Type,Available,,https://www.sgb-smit.com/de/
Greenhouse and Energy Minimum Standards (Power Transformers) Determination 2012,Metro Power Company,China,22000.0,PE0180034-1,,True,AS 2374.1,22kV,415.0,1000.0,Three Phase,Australia,115226,Approved,False,99.4,2023-06-27,,Class 6,Dry Type,Available,http://www.metropower.com.au,http://www.metropower.com.au
AS/NZS 2374.1.2:2003/Amdt 1:2005,ABB,Vietnam,11000.0,X150NHW3E,,True,AS 60076.1:2005,11kV,415.0,150.0,Three Phase,New Zealand,115750,Approved,False,99.06,2118-07-26,,Class 2,Oil Immersed,Available,http://new.abb.com/vn,http://www.abb.co.nz
Greenhouse and Energy Minimum Standards (Power Transformers) Determination 2012,Tesar,Italy,11000.0,1500kVA Oil Type,,False,AS 2374.1,11kV,400.0,1500.0,Three Phase,Australia,119705,Approved,False,99.39,2024-05-16,,Class 2,Oil Immersed,Available,,
Greenhouse and Energy Minimum Standards (Power Transformers) Determination 2012,ABB,China,11000.0,S-M-1500/11,,False,,11kV,415.0,1500.0,Three Phase,Australia,120426,Approved,False,99.4,2024-04-12,,Class 2,Oil Immersed,Available,,
Greenhouse and Energy Minimum Standards (Power Transformers) Determination 2012,ABB,China,11000.0,S-M-2500/11,,False,,11kV,415.0,2500.0,Three Phase,Australia,120427,Approved,False,99.4,2024-04-12,,Class 2,Oil Immersed,Available,,
Greenhouse and Energy Minimum Standards (Power Transformers) Determination 2012,ABB,China,11000.0,S-M-2000/11,,False,,11kV,415.0,2000.0,Three Phase,Australia,120428,Approved,False,99.407,2024-04-11,,Class 2,Oil Immersed,Available,,
Greenhouse and Energy Minimum Standards (Power Transformers) Determination 2012,Tesar,Italy,11000.0,2000kVA Oil Type,,False,AS 2374.1,11kV,400.0,2000.0,Three Phase,Australia,121685,Approved,False,99.42,2024-05-21,,Class 2,Oil Immersed,Available,,
Greenhouse and Energy Minimum Standards (Power Transformers) Determination 2012,Tesar,Italy,11000.0,315kVA Oil Type,,False,AS 2374.1,11kV,400.0,315.0,Three Phase,Australia,121686,Approved,False,99.11,2024-05-22,,Class 2,Oil Immersed,Available,,
Greenhouse and Energy Minimum Standards (Power Transformers) Determination 2012,GE Wavecast,China,11000.0,SCB-1600/11,Wavecast 1600/11,True,AS 2374.1,11kV,433.0,1600.0,Three Phase,"Australia,Fiji,New Zealand",121846,Approved,False,99.36,2024-07-17,,Class 5,Dry Type,Available,,https://anz.geindustrial.com/products/transformers/wavecast-dry-type-transformers
Greenhouse and Energy Minimum Standards (Power Transformers) Determination 2012,GE Wavecast,China,11000.0,SCLB-1600/11,Wavecast 1600/11,True,AS 2374.1,11kV,433.0,1600.0,Three Phase,"Australia,Fiji,New Zealand",121846,Approved,False,99.36,2024-07-17,,Class 5,Dry Type,Available,,https://anz.geindustrial.com/products/transformers/wavecast-dry-type-transformers
Greenhouse and Energy Minimum Standards (Power Transformers) Determination 2012,GE Wavecast,China,11000.0,Wavecast 1600/11,Wavecast 1600/11,True,AS 2374.1,11kV,433.0,1600.0,Three Phase,"Australia,Fiji,New Zealand",121846,Approved,False,99.36,2024-07-17,,Class 5,Dry Type,Available,,https://anz.geindustrial.com/products/transformers/wavecast-dry-type-transformers
Greenhouse and Energy Minimum Standards (Power Transformers) Determination 2012,EEMC,Vietnam,11000.0,Distribution transformer,,True,AS 2374.1,11kV,400.0,1500.0,Three Phase,Australia,122869,Approved,False,99.46,2024-11-20,,Class 2,Oil Immersed,Available,http://www.eemc.com.vn,http://www.eemc.com.vn
AS/NZS 2374.1.2:2003/Amdt 1:2005,ETEL Limited,New Zealand,11000.0,D137,D348,False,AS 60076.1:2005,11kV,415.0,30.0,Three Phase,New Zealand,123138,Approved,False,98.41,2119-07-29,,Class 2,Oil Immersed,Available,http://www.eteltransformers.co.nz/,
AS/NZS 2374.1.2:2003/Amdt 1:2005,ETEL Limited,New Zealand,11000.0,D342,D348,False,AS 60076.1:2005,11kV,415.0,30.0,Three Phase,New Zealand,123138,Approved,False,98.41,2119-07-29,,Class 2,Oil Immersed,Available,http://www.eteltransformers.co.nz/,
AS/NZS 2374.1.2:2003/Amdt 1:2005,ETEL Limited,New Zealand,11000.0,D348,D348,False,AS 60076.1:2005,11kV,415.0,30.0,Three Phase,New Zealand,123138,Approved,False,98.41,2119-07-29,,Class 2,Oil Immersed,Available,http://www.eteltransformers.co.nz/,
AS/NZS 2374.1.2:2003/Amdt 1:2005,ETEL Limited,New Zealand,11000.0,D356,D348,False,AS 60076.1:2005,11kV,415.0,30.0,Three Phase,New Zealand,123138,Approved,False,98.41,2119-07-29,,Class 2,Oil Immersed,Available,http://www.eteltransformers.co.nz/,
AS/NZS 2374.1.2:2003/Amdt 1:2005,ETEL Limited,New Zealand,11000.0,D585,D348,False,AS 60076.1:2005,11kV,415.0,30.0,Three Phase,New Zealand,123138,Approved,False,98.41,2119-07-29,,Class 2,Oil Immersed,Available,http://www.eteltransformers.co.nz/,
AS/NZS 2374.1.2:2003/Amdt 1:2005,ETEL Limited,New Zealand,11000.0,D679,D348,False,AS 60076.1:2005,11kV,415.0,30.0,Three Phase,New Zealand,123138,Approved,False,98.41,2119-07-29,,Class 2,Oil Immersed,Available,http://www.eteltransformers.co.nz/,
AS/NZS 2374.1.2:2003/Amdt 1:2005,ETEL Limited,New Zealand,11000.0,D813,D348,False,AS 60076.1:2005,11kV,415.0,30.0,Three Phase,New Zealand,123138,Approved,False,98.41,2119-07-29,,Class 2,Oil Immersed,Available,http://www.eteltransformers.co.nz/,
AS/NZS 2374.1.2:2003/Amdt 1:2005,ETEL Limited,New Zealand,11000.0,D921,D348,False,AS 60076.1:2005,11kV,415.0,30.0,Three Phase,New Zealand,123138,Approved,False,98.41,2119-07-29,,Class 2,Oil Immersed,Available,http://www.eteltransformers.co.nz/,
AS/NZS 2374.1.2:2003/Amdt 1:2005,ETEL Limited,New Zealand,11000.0,D150,D334,False,AS 60076.1:2005,11kV,415.0,50.0,Three Phase,New Zealand,123139,Approved,False,98.69,2119-07-30,,Class 2,Oil Immersed,Available,http://www.eteltransformers.co.nz/,
AS/NZS 2374.1.2:2003/Amdt 1:2005,ETEL Limited,New Zealand,11000.0,D188,D334,False,AS 60076.1:2005,11kV,415.0,50.0,Three Phase,New Zealand,123139,Approved,False,98.69,2119-07-30,,Class 2,Oil Immersed,Available,http://www.eteltransformers.co.nz/,
AS/NZS 2374.1.2:2003/Amdt 1:2005,ETEL Limited,New Zealand,11000.0,D332,D334,False,AS 60076.1:2005,11kV,415.0,50.0,Three Phase,New Zealand,123139,Approved,False,98.69,2119-07-30,,Class 2,Oil Immersed,Available,http://www.eteltransformers.co.nz/,
AS/NZS 2374.1.2:2003/Amdt 1:2005,ETEL Limited,New Zealand,11000.0,D334,D334,False,AS 60076.1:2005,11kV,415.0,50.0,Three Phase,New Zealand,123139,Approved,False,98.69,2119-07-30,,Class 2,Oil Immersed,Available,http://www.eteltransformers.co.nz/,
AS/NZS 2374.1.2:2003/Amdt 1:2005,ETEL Limited,New Zealand,11000.0,D426,D334,False,AS 60076.1:2005,11kV,415.0,50.0,Three Phase,New Zealand,123139,Approved,False,98.69,2119-07-30,,Class 2,Oil Immersed,Available,http://www.eteltransformers.co.nz/,
AS/NZS 2374.1.2:2003/Amdt 1:2005,ETEL Limited,New Zealand,11000.0,D683,D334,False,AS 60076.1:2005,11kV,415.0,50.0,Three Phase,New Zealand,123139,Approved,False,98.69,2119-07-30,,Class 2,Oil Immersed,Available,http://www.eteltransformers.co.nz/,
AS/NZS 2374.1.2:2003/Amdt 1:2005,ETEL Limited,New Zealand,11000.0,D827,D334,False,AS 60076.1:2005,11kV,415.0,50.0,Three Phase,New Zealand,123139,Approved,False,98.69,2119-07-30,,Class 2,Oil Immersed,Available,http://www.eteltransformers.co.nz/,
AS/NZS 2374.1.2:2003/Amdt 1:2005,ETEL Limited,New Zealand,11000.0,D829,D334,False,AS 60076.1:2005,11kV,415.0,50.0,Three Phase,New Zealand,123139,Approved,False,98.69,2119-07-30,,Class 2,Oil Immersed,Available,http://www.eteltransformers.co.nz/,
AS/NZS 2374.1.2:2003/Amdt 1:2005,ETEL Limited,New Zealand,11000.0,D306,D385,False,AS 60076.1:2005,11kV,415.0,1500.0,Three Phase,New Zealand,123144,Approved,False,99.38,2119-07-30,,Class 2,Oil Immersed,Available,http://www.eteltransformers.co.nz/,
AS/NZS 2374.1.2:2003/Amdt 1:2005,ETEL Limited,New Zealand,11000.0,D385,D385,False,AS 60076.1:2005,11kV,415.0,1500.0,Three Phase,New Zealand,123144,Approved,False,99.38,2119-07-30,,Class 2,Oil Immersed,Available,http://www.eteltransformers.co.nz/,
AS/NZS 2374.1.2:2003/Amdt 1:2005,ETEL Limited,New Zealand,11000.0,D493,D385,False,AS 60076.1:2005,11kV,415.0,1500.0,Three Phase,New Zealand,123144,Approved,False,99.38,2119-07-30,,Class 2,Oil Immersed,Available,http://www.eteltransformers.co.nz/,
AS/NZS 2374.1.2:2003/Amdt 1:2005,ETEL Limited,New Zealand,11000.0,D596,D385,False,AS 60076.1:2005,11kV,415.0,1500.0,Three Phase,New Zealand,123144,Approved,False,99.38,2119-07-30,,Class 2,Oil Immersed,Available,http://www.eteltransformers.co.nz/,
AS/NZS 2374.1.2:2003/Amdt 1:2005,ETEL Limited,New Zealand,11000.0,D839,D385,False,AS 60076.1:2005,11kV,415.0,1500.0,Three Phase,New Zealand,123144,Approved,False,99.38,2119-07-30,,Class 2,Oil Immersed,Available,http://www.eteltransformers.co.nz/,
AS/NZS 2374.1.2:2003/Amdt 1:2005,ETEL Limited,New Zealand,11000.0,D894,D385,False,AS 60076.1:2005,11kV,415.0,1500.0,Three Phase,New Zealand,123144,Approved,False,99.38,2119-07-30,,Class 2,Oil Immersed,Available,http://www.eteltransformers.co.nz/,
AS/NZS 2374.1.2:2003/Amdt 1:2005,ETEL Limited,New Zealand,11000.0,D923,D385,False,AS 60076.1:2005,11kV,415.0,1500.0,Three Phase,New Zealand,123144,Approved,False,99.38,2119-07-30,,Class 2,Oil Immersed,Available,http://www.eteltransformers.co.nz/,
AS/NZS 2374.1.2:2003/Amdt 1:2005,ETEL Limited,New Zealand,11000.0,D383,D631,False,AS 60076.1:2005,11kV,415.0,1250.0,Three Phase,New Zealand,123148,Approved,False,99.34,2119-07-30,,Class 2,Oil Immersed,Available,http://www.eteltransformers.co.nz/,
AS/NZS 2374.1.2:2003/Amdt 1:2005,ETEL Limited,New Zealand,11000.0,D631,D631,False,AS 60076.1:2005,11kV,415.0,1250.0,Three Phase,New Zealand,123148,Approved,False,99.34,2119-07-30,,Class 2,Oil Immersed,Available,http://www.eteltransformers.co.nz/,
AS/NZS 2374.1.2:2003/Amdt 1:2005,ETEL Limited,New Zealand,11000.0,D626,D908,False,AS 60076.1:2005,11kV,415.0,2000.0,Three Phase,New Zealand,123164,Approved,False,99.43,2119-07-31,,Class 2,Oil Immersed,Available,http://www.eteltransformers.co.nz/,
AS/NZS 2374.1.2:2003/Amdt 1:2005,ETEL Limited,New Zealand,11000.0,D906,D908,False,AS 60076.1:2005,11kV,415.0,2000.0,Three Phase,New Zealand,123164,Approved,False,99.43,2119-07-31,,Class 2,Oil Immersed,Available,http://www.eteltransformers.co.nz/,
AS/NZS 2374.1.2:2003/Amdt 1:2005,ETEL Limited,New Zealand,11000.0,D908,D908,False,AS 60076.1:2005,11kV,415.0,2000.0,Three Phase,New Zealand,123164,Approved,False,99.43,2119-07-31,,Class 2,Oil Immersed,Available,http://www.eteltransformers.co.nz/,
Greenhouse and Energy Minimum Standards (Power Transformers) Determination 2012,CCT,Thailand,11000.0,123521-12 (750kVA 11-0.433kV ONAN),,False,AS 2374.1,11kV,433.0,750.0,Three Phase,Australia,123263,Approved,False,99.36,2024-08-06,,Class 2,Oil Immersed,Available,,http://Charoenchai Transformers
Greenhouse and Energy Minimum Standards (Power Transformers) Determination 2012,CCT,Thailand,11000.0,123525-57 (1500kVA 11-0.433kV ONAN),,False,AS 2374.1,11kV,433.0,1500.0,Three Phase,Australia,123264,Approved,False,99.43,2024-08-06,,Class 2,Oil Immersed,Available,,http://Charoenchai Transformers
Greenhouse and Energy Minimum Standards (Power Transformers) Determination 2012,CCT,Thailand,11000.0,123525-88 (1500kVA 11-1.05kV KNAN),,False,AS 2374.1,11kV,1050.0,1500.0,Three Phase,Australia,123265,Approved,False,99.45,2024-08-20,,Class 2,Oil Immersed,Available,,http://Charoenchai Transformers
Greenhouse and Energy Minimum Standards (Power Transformers) Determination 2012,Shenda,China,11000.0,S-500/11,,False,AS 2374.1,11kV,415.0,500.0,Three Phase,Australia,124102,Approved,False,99.24,2024-11-29,,Class 2,Oil Immersed,Available,https://www.nepeanpower.com,
Greenhouse and Energy Minimum Standards (Power Transformers) Determination 2012,CCT,Thailand,11000.0,123521-21 (750kVA 11-0.433kV ONAN),,False,AS 2374.1,11kV,433.0,750.0,Three Phase,Australia,124310,Approved,False,99.38,2024-10-04,,Class 2,Oil Immersed,Available,,http://Charoenchai Transformers
Greenhouse and Energy Minimum Standards (Power Transformers) Determination 2012,CCT,Thailand,11000.0,123519-46 (500kVA 11-0.433kV ONAN),,False,AS 2374.1,11kV,433.0,500.0,Three Phase,Australia,124311,Approved,False,99.3,2024-10-15,,Class 2,Oil Immersed,Available,,http://Charoenchai Transformers
Greenhouse and Energy Minimum Standards (Power Transformers) Determination 2012,ABB,China,11000.0,SCB-1600/11,,True,AS 2374.1,11kV,415.0,1600.0,Three Phase,"Australia,Fiji,New Zealand",125441,Approved,False,99.38,2024-12-09,,Class 5,Dry Type,Available,https://new.abb.com/cn/en/about/businesses/power-grids-division/shanghai-transformer,https://new.abb.com/cn/en/about/businesses/power-grids-division/shanghai-transformer
Greenhouse and Energy Minimum Standards (Power Transformers) Determination 2012,ABB Power grids Korea.,South Korea,11000.0,1LKR19000005576,,True,AS 2374.1,11kV,415.0,2000.0,Three Phase,Australia,127235,Approved,False,99.329,2025-05-06,,Class 5,Dry Type,Available,,
Greenhouse and Energy Minimum Standards (Power Transformers) Determination 2012,ABB Power grids Korea.,South Korea,11000.0,1LKR19000005578,,True,AS 2374.1,11kV,415.0,750.0,Three Phase,Australia,127806,Approved,False,99.139,2025-05-05,,Class 5,Dry Type,Available,,
Greenhouse and Energy Minimum Standards (Power Transformers) Determination 2012,ABB Power grids Korea.,South Korea,11000.0,1LKR19000005577,,True,AS 2374.1,11kV,415.0,1500.0,Three Phase,Australia,127807,Approved,False,99.269,2025-05-06,,Class 5,Dry Type,Available,,
Greenhouse and Energy Minimum Standards (Power Transformers) Determination 2012,CCT,Thailand,11000.0,233523 (1000kVA 11-0.433kV KNAN) K4-Factor,,True,AS 2374.1,11kV,433.0,1020.0,Three Phase,"Australia,Fiji",128101,Approved,False,99.4,2025-04-03,,Class 2,Oil Immersed,Available,,http://Charoenchai Transformers
Greenhouse and Energy Minimum Standards (Power Transformers) Determination 2012,CCT,Thailand,22000.0,123225-84 (1500kVA 22-0.433kV KNAN),,True,AS 2374.1,22kV,433.0,1500.0,Three Phase,Australia,128103,Approved,False,99.44,2025-04-03,,Class 2,Oil Immersed,Available,,http://Charoenchai Transformers
Greenhouse and Energy Minimum Standards (Power Transformers) Determination 2012,CCT,Thailand,22000.0,123228-44 (2500kVA 22-6.9kV KNAN),,False,AS 2374.1,22kV,6900.0,2500.0,Three Phase,Australia,128104,Approved,False,99.42,2025-04-03,,Class 2,Oil Immersed,Available,,http://Charoenchai Transformers
Greenhouse and Energy Minimum Standards (Power Transformers) Determination 2012,CCT,Thailand,11000.0,123523-97 (1000kVA 11-0.415kV KNAN),,True,AS 2374.1,11kV,415.0,1000.0,Three Phase,Australia,128105,Approved,False,99.39,2025-04-03,,Class 2,Oil Immersed,Available,,http://Charoenchai Transformers
Greenhouse and Energy Minimum Standards (Power Transformers) Determination 2012,CCT,Thailand,11000.0,123523-46 (1000kVA 11-0.415kV ONAN),,True,AS 2374.1,11kV,415.0,1000.0,Three Phase,Australia,128900,Approved,False,99.4,2025-05-14,,Class 2,Oil Immersed,Available,,http://Charoenchai Transformers
Greenhouse and Energy Minimum Standards (Power Transformers) Determination 2012,CCT,Thailand,22000.0,123224-59 (1250kVA 22-0.415kV KNAN),,True,AS 2374.1,22kV,415.0,1250.0,Three Phase,Australia,128903,Approved,False,99.41,2025-05-14,,Class 2,Oil Immersed,Available,,http://Charoenchai Transformers
AS/NZS 2374.1.2:2003/Amdt 1:2005,ETEL Limited,New Zealand,11000.0,D528,,False,AS 60076.1:2005,11kV,415.0,2500.0,Three Phase,New Zealand,130916,Approved,False,99.4,2120-07-21,,Class 2,Oil Immersed,Available,http://www.eteltransformers.co.nz/,
