ApplStandard,Brand,Country,Lamp_Freq,Model No,Family Name,N-Standard,nom_len,nom_watt,Rated_CRI,Rated_IE,Rated_IL,Rated_ILW,Rated_ME,Rated_ML,Rated_MLW,Sold_in,Submit_ID,SubmitStatus,ExpDate,GrandDate,Product Class,Availability Status,Product Website,Representative Brand URL,ILCOS Code,Nominal Diameter (mm)
AS/NZS 4782.2:2004/Amdt 2:2006,Philips,Netherlands,50Hz,TLD32W840ECO,,AS/NZS 4782.1:2004,1500.0,51.0,85.0,94.1,4800.0,51.0,84.7,4320.0,51.0,New Zealand,46832,Approved,,,Class 4,Unavailable,http://www.lighting.philips.co.nz/prof,http://www.philips.com.au,FD-15-E-G13-26/550,26.0
AS/NZS 4782.2:2004/Amdt 2:2006,Philips,Netherlands,50Hz,TLD32W865ECO,,AS/NZS 4782.1:2004,1500.0,51.0,85.0,94.1,4800.0,51.0,84.7,4320.0,51.0,New Zealand,46832,Approved,,,Class 4,Unavailable,http://www.lighting.philips.co.nz/prof,http://www.philips.com.au,FD-15-E-G13-26/550,26.0
AS/NZS 4782.2:2004/Amdt 2:2006,Philips,Netherlands,50Hz,TLD51W840ECO,,AS/NZS 4782.1:2004,1500.0,51.0,85.0,94.1,4800.0,51.0,84.7,4320.0,51.0,New Zealand,46832,Approved,,,Class 4,Unavailable,http://www.lighting.philips.co.nz/prof,http://www.philips.com.au,FD-15-E-G13-26/550,26.0
AS/NZS 4782.2:2004/Amdt 2:2006,Philips,Netherlands,50Hz,TLD51W865ECO,,AS/NZS 4782.1:2004,1500.0,51.0,85.0,94.1,4800.0,51.0,84.7,4320.0,51.0,New Zealand,46832,Approved,,,Class 4,Unavailable,http://www.lighting.philips.co.nz/prof,http://www.philips.com.au,FD-15-E-G13-26/550,26.0
AS/NZS 4782.2:2004/Amdt 2:2006,NARVA NZ,Germany,50Hz,LT-T8 16 W - 840,,AS/NZS 4782.1:2004,720.0,16.0,80.0,75.0,,,70.5,,,New Zealand,51826,Approved,,,Class 2,Unavailable,,,FDH-16-L/P-G13-26/600,26.0
AS/NZS 4782.2:2004/Amdt 2:2006,NARVA NZ,Germany,50Hz,LT-T8 16 W - 865,,AS/NZS 4782.1:2004,720.0,16.0,80.0,75.0,,,70.5,,,New Zealand,51826,Approved,,,Class 2,Unavailable,,,FDH-16-L/P-G13-26/600,26.0
AS/NZS 4782.2:2004/Amdt 2:2006,NARVA NZ,Germany,50Hz,LT-T8 18 W - 827,,AS/NZS 4782.1:2004,590.0,18.0,80.0,72.2,,,67.9,,,New Zealand,51828,Approved,,,Class 1,Unavailable,,,FD-18-E-G13-26/600,26.0
AS/NZS 4782.2:2004/Amdt 2:2006,NARVA NZ,Germany,50Hz,LT-T8 18 W - 830,,AS/NZS 4782.1:2004,590.0,18.0,80.0,72.2,,,67.9,,,New Zealand,51828,Approved,,,Class 1,Unavailable,,,FD-18-E-G13-26/600,26.0
AS/NZS 4782.2:2004/Amdt 2:2006,NARVA NZ,Germany,50Hz,LT-T8 18 W - 835,,AS/NZS 4782.1:2004,590.0,18.0,80.0,72.2,,,67.9,,,New Zealand,51828,Approved,,,Class 1,Unavailable,,,FD-18-E-G13-26/600,26.0
AS/NZS 4782.2:2004/Amdt 2:2006,NARVA NZ,Germany,50Hz,LT-T8 18 W - 840,,AS/NZS 4782.1:2004,590.0,18.0,80.0,72.2,,,67.9,,,New Zealand,51828,Approved,,,Class 1,Unavailable,,,FD-18-E-G13-26/600,26.0
AS/NZS 4782.2:2004/Amdt 2:2006,NARVA NZ,Germany,50Hz,LT-T8 18 W - 865,,AS/NZS 4782.1:2004,590.0,18.0,80.0,72.2,,,67.9,,,New Zealand,51828,Approved,,,Class 1,Unavailable,,,FD-18-E-G13-26/600,26.0
AS/NZS 4782.2:2004/Amdt 2:2006,NARVA NZ,Germany,50Hz,LT-T8 30 W - 830,,AS/NZS 4782.1:2004,895.0,30.0,80.0,78.3,,,73.6,,,New Zealand,51829,Approved,,,Class 2,Unavailable,,,FD-30-E-G13-26/900,26.0
AS/NZS 4782.2:2004/Amdt 2:2006,NARVA NZ,Germany,50Hz,LT-T8 30 W - 840,,AS/NZS 4782.1:2004,895.0,30.0,80.0,78.3,,,73.6,,,New Zealand,51829,Approved,,,Class 2,Unavailable,,,FD-30-E-G13-26/900,26.0
AS/NZS 4782.2:2004/Amdt 2:2006,NARVA NZ,Germany,50Hz,LT-T8 30 W - 865,,AS/NZS 4782.1:2004,895.0,30.0,80.0,78.3,,,73.6,,,New Zealand,51829,Approved,,,Class 2,Unavailable,,,FD-30-E-G13-26/900,26.0
AS/NZS 4782.2:2004/Amdt 2:2006,NARVA NZ,Germany,50Hz,LT-T8 36 W - 827,,AS/NZS 4782.1:2004,970.0,36.0,80.0,83.3,,,78.3,,,New Zealand,51831,Approved,,,Class 2,Unavailable,,,FD-36-E-G13-26/1200,26.0
AS/NZS 4782.2:2004/Amdt 2:2006,NARVA NZ,Germany,50Hz,LT-T8 36 W - 830,,AS/NZS 4782.1:2004,970.0,36.0,80.0,83.3,,,78.3,,,New Zealand,51831,Approved,,,Class 2,Unavailable,,,FD-36-E-G13-26/1200,26.0
AS/NZS 4782.2:2004/Amdt 2:2006,NARVA NZ,Germany,50Hz,LT-T8 36 W - 835,,AS/NZS 4782.1:2004,970.0,36.0,80.0,83.3,,,78.3,,,New Zealand,51831,Approved,,,Class 2,Unavailable,,,FD-36-E-G13-26/1200,26.0
AS/NZS 4782.2:2004/Amdt 2:2006,NARVA NZ,Germany,50Hz,LT-T8 36 W - 840,,AS/NZS 4782.1:2004,970.0,36.0,80.0,83.3,,,78.3,,,New Zealand,51831,Approved,,,Class 2,Unavailable,,,FD-36-E-G13-26/1200,26.0
AS/NZS 4782.2:2004/Amdt 2:2006,NARVA NZ,Germany,50Hz,LT-T8 36 W - 865,,AS/NZS 4782.1:2004,970.0,36.0,80.0,83.3,,,78.3,,,New Zealand,51831,Approved,,,Class 2,Unavailable,,,FD-36-E-G13-26/1200,26.0
AS/NZS 4782.2:2004/Amdt 2:2006,NARVA NZ,Germany,50Hz,LT-T8 36 W-1 840,,AS/NZS 4782.1:2004,970.0,36.0,80.0,83.3,,,78.3,,,New Zealand,51832,Approved,,,Class 2,Unavailable,,,FD-36-E-G13-26/1200,26.0
AS/NZS 4782.2:2004/Amdt 2:2006,NARVA NZ,Germany,50Hz,LT-T8 36 W-1 865,,AS/NZS 4782.1:2004,970.0,36.0,80.0,83.3,,,78.3,,,New Zealand,51832,Approved,,,Class 2,Unavailable,,,FD-36-E-G13-26/1200,26.0
AS/NZS 4782.2:2004/Amdt 2:2006,NARVA NZ,Germany,50Hz,LT-T8 58 W 827,,AS/NZS 4782.1:2004,1500.0,58.0,80.0,87.1,,,88.0,,,New Zealand,51834,Approved,,,Class 4,Unavailable,,,FD-58-E-G13-26/1500,26.0
AS/NZS 4782.2:2004/Amdt 2:2006,NARVA NZ,Germany,50Hz,LT-T8 58 W 830,,AS/NZS 4782.1:2004,1500.0,58.0,80.0,87.1,,,88.0,,,New Zealand,51834,Approved,,,Class 4,Unavailable,,,FD-58-E-G13-26/1500,26.0
AS/NZS 4782.2:2004/Amdt 2:2006,NARVA NZ,Germany,50Hz,LT-T8 58 W 835,,AS/NZS 4782.1:2004,1500.0,58.0,80.0,87.1,,,88.0,,,New Zealand,51834,Approved,,,Class 4,Unavailable,,,FD-58-E-G13-26/1500,26.0
AS/NZS 4782.2:2004/Amdt 2:2006,NARVA NZ,Germany,50Hz,LT-T8 58 W 840,,AS/NZS 4782.1:2004,1500.0,58.0,80.0,87.1,,,88.0,,,New Zealand,51834,Approved,,,Class 4,Unavailable,,,FD-58-E-G13-26/1500,26.0
AS/NZS 4782.2:2004/Amdt 2:2006,NARVA NZ,Germany,50Hz,LT-T8 58 W 865,,AS/NZS 4782.1:2004,1500.0,58.0,80.0,87.1,,,88.0,,,New Zealand,51834,Approved,,,Class 4,Unavailable,,,FD-58-E-G13-26/1500,26.0
AS/NZS 4782.2:2004/Amdt 2:2006,NARVA NZ,Germany,50Hz,LT-T5 21 W 830,,AS/NZS 4782.1:2004,850.0,21.0,80.0,83.3,,,78.3,,,New Zealand,51835,Approved,,,Class 2,Unavailable,,,FDH-21-L/P-G5-16/850,16.0
AS/NZS 4782.2:2004/Amdt 2:2006,NARVA NZ,Germany,50Hz,LT-T5 21 W 835,,AS/NZS 4782.1:2004,850.0,21.0,80.0,83.3,,,78.3,,,New Zealand,51835,Approved,,,Class 2,Unavailable,,,FDH-21-L/P-G5-16/850,16.0
AS/NZS 4782.2:2004/Amdt 2:2006,NARVA NZ,Germany,50Hz,LT-T5 21 W 840,,AS/NZS 4782.1:2004,850.0,21.0,80.0,83.3,,,78.3,,,New Zealand,51835,Approved,,,Class 2,Unavailable,,,FDH-21-L/P-G5-16/850,16.0
AS/NZS 4782.2:2004/Amdt 2:2006,NARVA NZ,Germany,50Hz,LT-T5 21 W 865,,AS/NZS 4782.1:2004,850.0,21.0,80.0,83.3,,,78.3,,,New Zealand,51835,Approved,,,Class 2,Unavailable,,,FDH-21-L/P-G5-16/850,16.0
AS/NZS 4782.2:2004/Amdt 2:2006,NARVA NZ,Germany,50Hz,LT-T5 28 W 830,,AS/NZS 4782.1:2004,1150.0,28.0,80.0,85.7,,,80.5,,,New Zealand,51838,Approved,,,Class 3,Unavailable,,,FDH-28-L/P-G5-16/1150,16.0
AS/NZS 4782.2:2004/Amdt 2:2006,NARVA NZ,Germany,50Hz,LT-T5 28 W 835,,AS/NZS 4782.1:2004,1150.0,28.0,80.0,85.7,,,80.5,,,New Zealand,51838,Approved,,,Class 3,Unavailable,,,FDH-28-L/P-G5-16/1150,16.0
AS/NZS 4782.2:2004/Amdt 2:2006,NARVA NZ,Germany,50Hz,LT-T5 28 W 840,,AS/NZS 4782.1:2004,1150.0,28.0,80.0,85.7,,,80.5,,,New Zealand,51838,Approved,,,Class 3,Unavailable,,,FDH-28-L/P-G5-16/1150,16.0
AS/NZS 4782.2:2004/Amdt 2:2006,NARVA NZ,Germany,50Hz,LT-T5 28 W 865,,AS/NZS 4782.1:2004,1150.0,28.0,80.0,85.7,,,80.5,,,New Zealand,51838,Approved,,,Class 3,Unavailable,,,FDH-28-L/P-G5-16/1150,16.0
AS/NZS 4782.2:2004/Amdt 2:2006,NARVA NZ,Germany,50Hz,LT-T5 35 W 830,,AS/NZS 4782.1:2004,1450.0,35.0,80.0,87.1,,,81.9,,,New Zealand,51839,Approved,,,Class 4,Unavailable,,,FDH-35-L/P-G5-16/1450,16.0
AS/NZS 4782.2:2004/Amdt 2:2006,NARVA NZ,Germany,50Hz,LT-T5 35 W 835,,AS/NZS 4782.1:2004,1450.0,35.0,80.0,87.1,,,81.9,,,New Zealand,51839,Approved,,,Class 4,Unavailable,,,FDH-35-L/P-G5-16/1450,16.0
AS/NZS 4782.2:2004/Amdt 2:2006,NARVA NZ,Germany,50Hz,LT-T5 35 W 840,,AS/NZS 4782.1:2004,1450.0,35.0,80.0,87.1,,,81.9,,,New Zealand,51839,Approved,,,Class 4,Unavailable,,,FDH-35-L/P-G5-16/1450,16.0
AS/NZS 4782.2:2004/Amdt 2:2006,NARVA NZ,Germany,50Hz,LT-T5 35 W 865,,AS/NZS 4782.1:2004,1450.0,35.0,80.0,87.1,,,81.9,,,New Zealand,51839,Approved,,,Class 4,Unavailable,,,FDH-35-L/P-G5-16/1450,16.0
AS/NZS 4782.2:2004/Amdt 2:2006,NARVA NZ,Germany,50Hz,LT-T5 24 W 830,,AS/NZS 4782.1:2004,550.0,24.0,80.0,66.7,,,62.7,,,New Zealand,51840,Approved,,,Class 1,Unavailable,,,FDH-24-L/P-G5-16/550,16.0
AS/NZS 4782.2:2004/Amdt 2:2006,NARVA NZ,Germany,50Hz,LT-T5 24 W 840,,AS/NZS 4782.1:2004,550.0,24.0,80.0,66.7,,,62.7,,,New Zealand,51840,Approved,,,Class 1,Unavailable,,,FDH-24-L/P-G5-16/550,16.0
AS/NZS 4782.2:2004/Amdt 2:2006,NARVA NZ,Germany,50Hz,LT-T5 24 W 865,,AS/NZS 4782.1:2004,550.0,24.0,80.0,66.7,,,62.7,,,New Zealand,51840,Approved,,,Class 1,Unavailable,,,FDH-24-L/P-G5-16/550,16.0
AS/NZS 4782.2:2004/Amdt 2:2006,NARVA NZ,Germany,50Hz,LT-T5 39 W 830,,AS/NZS 4782.1:2004,850.0,39.0,80.0,79.5,,,74.73,,,New Zealand,51841,Approved,,,Class 2,Unavailable,,,FDH-39-L/P-G5-16/850,16.0
AS/NZS 4782.2:2004/Amdt 2:2006,NARVA NZ,Germany,50Hz,LT-T5 39 W 840,,AS/NZS 4782.1:2004,850.0,39.0,80.0,79.5,,,74.73,,,New Zealand,51841,Approved,,,Class 2,Unavailable,,,FDH-39-L/P-G5-16/850,16.0
AS/NZS 4782.2:2004/Amdt 2:2006,NARVA NZ,Germany,50Hz,LT-T5 39 W 865,,AS/NZS 4782.1:2004,850.0,39.0,80.0,79.5,,,74.73,,,New Zealand,51841,Approved,,,Class 2,Unavailable,,,FDH-39-L/P-G5-16/850,16.0
AS/NZS 4782.2:2004/Amdt 2:2006,NARVA NZ,Germany,50Hz,LT-T5 49 W 830,,AS/NZS 4782.1:2004,1450.0,49.0,80.0,87.8,,,82.5,,,New Zealand,51842,Approved,,,Class 4,Unavailable,,,FDH-49-L/P-G5-16/1450,16.0
AS/NZS 4782.2:2004/Amdt 2:2006,NARVA NZ,Germany,50Hz,LT-T5 49 W 840,,AS/NZS 4782.1:2004,1450.0,49.0,80.0,87.8,,,82.5,,,New Zealand,51842,Approved,,,Class 4,Unavailable,,,FDH-49-L/P-G5-16/1450,16.0
AS/NZS 4782.2:2004/Amdt 2:2006,NARVA NZ,Germany,50Hz,LT-T5 49 W 865,,AS/NZS 4782.1:2004,1450.0,49.0,80.0,87.8,,,82.5,,,New Zealand,51842,Approved,,,Class 4,Unavailable,,,FDH-49-L/P-G5-16/1450,16.0
AS/NZS 4782.2:2004/Amdt 2:2006,NARVA NZ,Germany,50Hz,LT-T5 54 W 830,,AS/NZS 4782.1:2004,1150.0,54.0,80.0,88.0,,,82.7,,,New Zealand,51843,Approved,,,Class 3,Unavailable,,,FDH-54-L/P-G5-16/1150,16.0
AS/NZS 4782.2:2004/Amdt 2:2006,NARVA NZ,Germany,50Hz,LT-T5 54 W 840,,AS/NZS 4782.1:2004,1150.0,54.0,80.0,88.0,,,82.7,,,New Zealand,51843,Approved,,,Class 3,Unavailable,,,FDH-54-L/P-G5-16/1150,16.0
AS/NZS 4782.2:2004/Amdt 2:2006,NARVA NZ,Germany,50Hz,LT-T5 54 W 865,,AS/NZS 4782.1:2004,1150.0,54.0,80.0,88.0,,,82.7,,,New Zealand,51843,Approved,,,Class 3,Unavailable,,,FDH-54-L/P-G5-16/1150,16.0
AS/NZS 4782.2:2004/Amdt 2:2006,NARVA NZ,Germany,50Hz,LT-T5 80 W 830,,AS/NZS 4782.1:2004,1450.0,80.0,80.0,87.5,,,82.2,,,New Zealand,51844,Approved,,,Class 4,Unavailable,,,FDH-80-L/P-G5-16/1450,16.0
AS/NZS 4782.2:2004/Amdt 2:2006,NARVA NZ,Germany,50Hz,LT-T5 80 W 840,,AS/NZS 4782.1:2004,1450.0,80.0,80.0,87.5,,,82.2,,,New Zealand,51844,Approved,,,Class 4,Unavailable,,,FDH-80-L/P-G5-16/1450,16.0
AS/NZS 4782.2:2004/Amdt 2:2006,Gartner Superlux,China,High Frequency,SFT5-DL21,,AS/NZS 4782.1:2004,850.0,21.0,81.0,74.0,1555.0,21.0,63.0,1304.0,20.7,"Australia,Fiji,New Zealand",54980,Approved,,,Class 2,Unavailable,,,FDH-21-L/P-G5-16/850,16.0
AS/NZS 4782.2:2004/Amdt 2:2006,Gartner Superlux,China,High Frequency,SFT5-DL28,,AS/NZS 4782.1:2004,1150.0,28.0,81.0,80.3,2250.0,28.0,71.5,1960.0,27.4,"Australia,Fiji,New Zealand",54981,Approved,,,Class 3,Unavailable,,,FDH-28-L/P-G5-16/1150,16.0
AS/NZS 4782.2:2004/Amdt 2:2006,FSL,China,High Frequency,Double-capped fluorescent lamps (T5),Double-capped fluorescent lamps (T5),AS/NZS 4782.1:2004,850.0,21.0,82.0,92.1634615384615,1917.0,20.8,85.9223300970874,1770.0,20.6,New Zealand,63062,Approved,2022-01-31,,Class 2,Unavailable,http://www.chinafsl.com/,http://www.chinafsl.com/,FDH-21-L/P-G5-16/850,16.0
AS/NZS 4782.2:2004/Amdt 2:2006,FSL,China,High Frequency,T5 21W 2700K,Double-capped fluorescent lamps (T5),AS/NZS 4782.1:2004,850.0,21.0,82.0,92.1634615384615,1917.0,20.8,85.9223300970874,1770.0,20.6,New Zealand,63062,Approved,2022-01-31,,Class 2,Unavailable,http://www.chinafsl.com/,http://www.chinafsl.com/,FDH-21-L/P-G5-16/850,16.0
AS/NZS 4782.2:2004/Amdt 2:2006,FSL,China,High Frequency,T5 21W 4000K,Double-capped fluorescent lamps (T5),AS/NZS 4782.1:2004,850.0,21.0,82.0,92.1634615384615,1917.0,20.8,85.9223300970874,1770.0,20.6,New Zealand,63062,Approved,2022-01-31,,Class 2,Unavailable,http://www.chinafsl.com/,http://www.chinafsl.com/,FDH-21-L/P-G5-16/850,16.0
AS/NZS 4782.2:2004/Amdt 2:2006,FSL,China,High Frequency,T5 21W 6500K,Double-capped fluorescent lamps (T5),AS/NZS 4782.1:2004,850.0,21.0,82.0,92.1634615384615,1917.0,20.8,85.9223300970874,1770.0,20.6,New Zealand,63062,Approved,2022-01-31,,Class 2,Unavailable,http://www.chinafsl.com/,http://www.chinafsl.com/,FDH-21-L/P-G5-16/850,16.0
AS/NZS 4782.2:2004/Amdt 2:2006,FSL,China,High Frequency,T5 28W 2700K,Double-capped fluorescent lamps (T5),AS/NZS 4782.1:2004,850.0,21.0,82.0,92.1634615384615,1917.0,20.8,85.9223300970874,1770.0,20.6,New Zealand,63062,Approved,2022-01-31,,Class 2,Unavailable,http://www.chinafsl.com/,http://www.chinafsl.com/,FDH-21-L/P-G5-16/850,16.0
AS/NZS 4782.2:2004/Amdt 2:2006,FSL,China,High Frequency,T5 28W 4000K,Double-capped fluorescent lamps (T5),AS/NZS 4782.1:2004,850.0,21.0,82.0,92.1634615384615,1917.0,20.8,85.9223300970874,1770.0,20.6,New Zealand,63062,Approved,2022-01-31,,Class 2,Unavailable,http://www.chinafsl.com/,http://www.chinafsl.com/,FDH-21-L/P-G5-16/850,16.0
AS/NZS 4782.2:2004/Amdt 2:2006,FSL,China,High Frequency,T5 28W 6500K,Double-capped fluorescent lamps (T5),AS/NZS 4782.1:2004,850.0,21.0,82.0,92.1634615384615,1917.0,20.8,85.9223300970874,1770.0,20.6,New Zealand,63062,Approved,2022-01-31,,Class 2,Unavailable,http://www.chinafsl.com/,http://www.chinafsl.com/,FDH-21-L/P-G5-16/850,16.0
AS/NZS 4782.2:2004/Amdt 2:2006,FSL,China,High Frequency,T5 35W 2700K,Double-capped fluorescent lamps (T5),AS/NZS 4782.1:2004,850.0,21.0,82.0,92.1634615384615,1917.0,20.8,85.9223300970874,1770.0,20.6,New Zealand,63062,Approved,2022-01-31,,Class 2,Unavailable,http://www.chinafsl.com/,http://www.chinafsl.com/,FDH-21-L/P-G5-16/850,16.0
AS/NZS 4782.2:2004/Amdt 2:2006,FSL,China,High Frequency,T5 35W 4000K,Double-capped fluorescent lamps (T5),AS/NZS 4782.1:2004,850.0,21.0,82.0,92.1634615384615,1917.0,20.8,85.9223300970874,1770.0,20.6,New Zealand,63062,Approved,2022-01-31,,Class 2,Unavailable,http://www.chinafsl.com/,http://www.chinafsl.com/,FDH-21-L/P-G5-16/850,16.0
AS/NZS 4782.2:2004/Amdt 2:2006,FSL,China,High Frequency,T5 35W 6500K,Double-capped fluorescent lamps (T5),AS/NZS 4782.1:2004,850.0,21.0,82.0,92.1634615384615,1917.0,20.8,85.9223300970874,1770.0,20.6,New Zealand,63062,Approved,2022-01-31,,Class 2,Unavailable,http://www.chinafsl.com/,http://www.chinafsl.com/,FDH-21-L/P-G5-16/850,16.0
AS/NZS 4782.2:2004/Amdt 2:2006,FSL,China,High Frequency,Double-capped fluorescent lamps (T5),Double-capped fluorescent lamps (T5),AS/NZS 4782.1:2004,1150.0,28.0,82.0,94.4404332129964,2616.0,27.7,85.7553956834532,2384.0,27.8,New Zealand,63233,Approved,2022-01-31,,Class 3,Unavailable,http://www.chinafsl.com/,http://www.chinafsl.com/,FDH-28-L/P-G5-16/1150,16.0
AS/NZS 4782.2:2004/Amdt 2:2006,FSL,China,High Frequency,T5 28W 2700K,Double-capped fluorescent lamps (T5),AS/NZS 4782.1:2004,1150.0,28.0,82.0,94.4404332129964,2616.0,27.7,85.7553956834532,2384.0,27.8,New Zealand,63233,Approved,2022-01-31,,Class 3,Unavailable,http://www.chinafsl.com/,http://www.chinafsl.com/,FDH-28-L/P-G5-16/1150,16.0
AS/NZS 4782.2:2004/Amdt 2:2006,FSL,China,High Frequency,T5 28W 4000K,Double-capped fluorescent lamps (T5),AS/NZS 4782.1:2004,1150.0,28.0,82.0,94.4404332129964,2616.0,27.7,85.7553956834532,2384.0,27.8,New Zealand,63233,Approved,2022-01-31,,Class 3,Unavailable,http://www.chinafsl.com/,http://www.chinafsl.com/,FDH-28-L/P-G5-16/1150,16.0
AS/NZS 4782.2:2004/Amdt 2:2006,FSL,China,High Frequency,T5 28W 6500K,Double-capped fluorescent lamps (T5),AS/NZS 4782.1:2004,1150.0,28.0,82.0,94.4404332129964,2616.0,27.7,85.7553956834532,2384.0,27.8,New Zealand,63233,Approved,2022-01-31,,Class 3,Unavailable,http://www.chinafsl.com/,http://www.chinafsl.com/,FDH-28-L/P-G5-16/1150,16.0
AS/NZS 4782.2:2004/Amdt 2:2006,FSL,China,High Frequency,Double-capped fluorescent lamps (T5),Double-capped fluorescent lamps (T5),AS/NZS 4782.1:2004,1450.0,35.0,82.0,95.7714285714286,3352.0,35.0,87.1714285714286,3051.0,35.0,New Zealand,63234,Approved,2022-01-31,,Class 4,Unavailable,http://www.chinafsl.com/,http://www.chinafsl.com/,FDH-35-L/P-G5-16/1450,16.0
AS/NZS 4782.2:2004/Amdt 2:2006,FSL,China,High Frequency,T5 35W 2700K,Double-capped fluorescent lamps (T5),AS/NZS 4782.1:2004,1450.0,35.0,82.0,95.7714285714286,3352.0,35.0,87.1714285714286,3051.0,35.0,New Zealand,63234,Approved,2022-01-31,,Class 4,Unavailable,http://www.chinafsl.com/,http://www.chinafsl.com/,FDH-35-L/P-G5-16/1450,16.0
AS/NZS 4782.2:2004/Amdt 2:2006,FSL,China,High Frequency,T5 35W 4000K,Double-capped fluorescent lamps (T5),AS/NZS 4782.1:2004,1450.0,35.0,82.0,95.7714285714286,3352.0,35.0,87.1714285714286,3051.0,35.0,New Zealand,63234,Approved,2022-01-31,,Class 4,Unavailable,http://www.chinafsl.com/,http://www.chinafsl.com/,FDH-35-L/P-G5-16/1450,16.0
AS/NZS 4782.2:2004/Amdt 2:2006,FSL,China,High Frequency,T5 35W 6500K,Double-capped fluorescent lamps (T5),AS/NZS 4782.1:2004,1450.0,35.0,82.0,95.7714285714286,3352.0,35.0,87.1714285714286,3051.0,35.0,New Zealand,63234,Approved,2022-01-31,,Class 4,Unavailable,http://www.chinafsl.com/,http://www.chinafsl.com/,FDH-35-L/P-G5-16/1450,16.0
AS/NZS 4782.2:2004/Amdt 2:2006,FSL,China,High Frequency,Double-capped fluorescent lamps (T5),Double-capped fluorescent lamps (T5),AS/NZS 4782.1:2004,850.0,21.0,82.0,92.0952380952381,1934.0,21.0,84.2105263157895,1760.0,20.9,New Zealand,63249,Approved,2022-01-31,,Class 2,Unavailable,http://www.chinafsl.com/,http://www.chinafsl.com/,FDH-21-L/P-G5-16/850,16.0
AS/NZS 4782.2:2004/Amdt 2:2006,FSL,China,High Frequency,T5 21W 2700K,Double-capped fluorescent lamps (T5),AS/NZS 4782.1:2004,850.0,21.0,82.0,92.0952380952381,1934.0,21.0,84.2105263157895,1760.0,20.9,New Zealand,63249,Approved,2022-01-31,,Class 2,Unavailable,http://www.chinafsl.com/,http://www.chinafsl.com/,FDH-21-L/P-G5-16/850,16.0
AS/NZS 4782.2:2004/Amdt 2:2006,FSL,China,High Frequency,T5 21W 4000K,Double-capped fluorescent lamps (T5),AS/NZS 4782.1:2004,850.0,21.0,82.0,92.0952380952381,1934.0,21.0,84.2105263157895,1760.0,20.9,New Zealand,63249,Approved,2022-01-31,,Class 2,Unavailable,http://www.chinafsl.com/,http://www.chinafsl.com/,FDH-21-L/P-G5-16/850,16.0
AS/NZS 4782.2:2004/Amdt 2:2006,FSL,China,High Frequency,T5 21W 6500K,Double-capped fluorescent lamps (T5),AS/NZS 4782.1:2004,850.0,21.0,82.0,92.0952380952381,1934.0,21.0,84.2105263157895,1760.0,20.9,New Zealand,63249,Approved,2022-01-31,,Class 2,Unavailable,http://www.chinafsl.com/,http://www.chinafsl.com/,FDH-21-L/P-G5-16/850,16.0
Greenhouse and Energy Minimum Standards (Double-capped fluorescent lamps) Determination 2017,OSRAM,Russia,50Hz,L 36W/827,Lumilux T8 36W,AS/NZS 4782.1:2004,1200.0,36.0,80.0,93.0555555555556,3350.0,36.0,84.6944444444444,3049.0,36.0,"Australia,Fiji,New Zealand",68798,Approved,2021-02-10,,Class 3,Available,http://www.ledvance.com.au,http://www.ledvance.com.au,FD-36-E-G13-26/1200,26.0
Greenhouse and Energy Minimum Standards (Double-capped fluorescent lamps) Determination 2017,OSRAM,Russia,50Hz,L 36W/830,Lumilux T8 36W,AS/NZS 4782.1:2004,1200.0,36.0,80.0,93.0555555555556,3350.0,36.0,84.6944444444444,3049.0,36.0,"Australia,Fiji,New Zealand",68798,Approved,2021-02-10,,Class 3,Available,http://www.ledvance.com.au,http://www.ledvance.com.au,FD-36-E-G13-26/1200,26.0
Greenhouse and Energy Minimum Standards (Double-capped fluorescent lamps) Determination 2017,OSRAM,Russia,50Hz,L 36W/840,Lumilux T8 36W,AS/NZS 4782.1:2004,1200.0,36.0,80.0,93.0555555555556,3350.0,36.0,84.6944444444444,3049.0,36.0,"Australia,Fiji,New Zealand",68798,Approved,2021-02-10,,Class 3,Available,http://www.ledvance.com.au,http://www.ledvance.com.au,FD-36-E-G13-26/1200,26.0
Greenhouse and Energy Minimum Standards (Double-capped fluorescent lamps) Determination 2017,OSRAM,Russia,50Hz,L 36W/850,Lumilux T8 36W,AS/NZS 4782.1:2004,1200.0,36.0,80.0,93.0555555555556,3350.0,36.0,84.6944444444444,3049.0,36.0,"Australia,Fiji,New Zealand",68798,Approved,2021-02-10,,Class 3,Available,http://www.ledvance.com.au,http://www.ledvance.com.au,FD-36-E-G13-26/1200,26.0
Greenhouse and Energy Minimum Standards (Double-capped fluorescent lamps) Determination 2017,OSRAM,Russia,50Hz,L 36W/865,Lumilux T8 36W,AS/NZS 4782.1:2004,1200.0,36.0,80.0,93.0555555555556,3350.0,36.0,84.6944444444444,3049.0,36.0,"Australia,Fiji,New Zealand",68798,Approved,2021-02-10,,Class 3,Available,http://www.ledvance.com.au,http://www.ledvance.com.au,FD-36-E-G13-26/1200,26.0
Greenhouse and Energy Minimum Standards (Double-capped fluorescent lamps) Determination 2017,OSRAM,Russia,50Hz,L 36W/880,Lumilux T8 36W,AS/NZS 4782.1:2004,1200.0,36.0,80.0,93.0555555555556,3350.0,36.0,84.6944444444444,3049.0,36.0,"Australia,Fiji,New Zealand",68798,Approved,2021-02-10,,Class 3,Available,http://www.ledvance.com.au,http://www.ledvance.com.au,FD-36-E-G13-26/1200,26.0
Greenhouse and Energy Minimum Standards (Double-capped fluorescent lamps) Determination 2017,OSRAM,Russia,50Hz,Lumilux T8 36W,Lumilux T8 36W,AS/NZS 4782.1:2004,1200.0,36.0,80.0,93.0555555555556,3350.0,36.0,84.6944444444444,3049.0,36.0,"Australia,Fiji,New Zealand",68798,Approved,2021-02-10,,Class 3,Available,http://www.ledvance.com.au,http://www.ledvance.com.au,FD-36-E-G13-26/1200,26.0
Greenhouse and Energy Minimum Standards (Double-capped fluorescent lamps) Determination 2017,OSRAM,"China,Germany",High Frequency,HO 45W/827 ES,Lumilux T5 HO 45W ES,,1449.0,45.0,80.0,95.7777777777778,4310.0,45.0,87.1555555555556,3922.0,45.0,"Australia,Fiji,New Zealand",69640,Approved,2021-02-03,,Class 4,Available,http://www.ledvance.com.au,http://www.ledvance.com.au,FDH-49-L/P-G5-16/1450,16.0
Greenhouse and Energy Minimum Standards (Double-capped fluorescent lamps) Determination 2017,OSRAM,"China,Germany",High Frequency,HO 45W/830 ES,Lumilux T5 HO 45W ES,,1449.0,45.0,80.0,95.7777777777778,4310.0,45.0,87.1555555555556,3922.0,45.0,"Australia,Fiji,New Zealand",69640,Approved,2021-02-03,,Class 4,Available,http://www.ledvance.com.au,http://www.ledvance.com.au,FDH-49-L/P-G5-16/1450,16.0
Greenhouse and Energy Minimum Standards (Double-capped fluorescent lamps) Determination 2017,OSRAM,"China,Germany",High Frequency,HO 45W/840 ES,Lumilux T5 HO 45W ES,,1449.0,45.0,80.0,95.7777777777778,4310.0,45.0,87.1555555555556,3922.0,45.0,"Australia,Fiji,New Zealand",69640,Approved,2021-02-03,,Class 4,Available,http://www.ledvance.com.au,http://www.ledvance.com.au,FDH-49-L/P-G5-16/1450,16.0
Greenhouse and Energy Minimum Standards (Double-capped fluorescent lamps) Determination 2017,OSRAM,"China,Germany",High Frequency,HO 45W/865 ES,Lumilux T5 HO 45W ES,,1449.0,45.0,80.0,95.7777777777778,4310.0,45.0,87.1555555555556,3922.0,45.0,"Australia,Fiji,New Zealand",69640,Approved,2021-02-03,,Class 4,Available,http://www.ledvance.com.au,http://www.ledvance.com.au,FDH-49-L/P-G5-16/1450,16.0
Greenhouse and Energy Minimum Standards (Double-capped fluorescent lamps) Determination 2017,OSRAM,"China,Germany",High Frequency,Lumilux T5 HO 45W ES,Lumilux T5 HO 45W ES,,1449.0,45.0,80.0,95.7777777777778,4310.0,45.0,87.1555555555556,3922.0,45.0,"Australia,Fiji,New Zealand",69640,Approved,2021-02-03,,Class 4,Available,http://www.ledvance.com.au,http://www.ledvance.com.au,FDH-49-L/P-G5-16/1450,16.0
Greenhouse and Energy Minimum Standards (Double-capped fluorescent lamps) Determination 2017,OSRAM,China,High Frequency,Lumilux HE 28W/865 LL,,,1149.0,28.0,80.0,85.7142857142857,2400.0,28.0,78.0,2184.0,28.0,"Australia,Fiji,New Zealand",77747,Approved,2021-02-11,,Class 2,Available,http://www.ledvance.com.au,http://www.ledvance.com.au,FDH-28-L/P-G5-16/1150,16.0
Greenhouse and Energy Minimum Standards (Double-capped fluorescent lamps) Determination 2017,OSRAM,China,High Frequency,Lumilux HE 21W/865 LL,,AS/NZS 4782.1:2004,849.0,21.0,80.0,83.3333333333333,1750.0,21.0,75.8333333333333,1592.5,21.0,"Australia,Fiji,New Zealand",77749,Approved,2021-02-11,,Class 2,Available,http://www.ledvance.com.au,http://www.ledvance.com.au,FDH-21-L/P-G5-16/850,16.0
Greenhouse and Energy Minimum Standards (Double-capped fluorescent lamps) Determination 2017,LUCCI ENVIROLUX,China,High Frequency,120474 T5/21W/27K,,AS/NZS 4782.1:2004,850.0,21.0,81.9,90.8564593301436,1898.9,20.9,85.2038834951456,1755.2,20.6,Australia,93709,Approved,2020-11-17,,Class 2,Available,,http://www.beaconlighting.com.au,FDH-21-L/P-G5-16/850,16.0
Greenhouse and Energy Minimum Standards (Double-capped fluorescent lamps) Determination 2017,LUCCI ENVIROLUX,China,High Frequency,120475 T5/21W/40K,,AS/NZS 4782.1:2004,850.0,21.0,81.3,90.688995215311,1895.4,20.9,84.0192307692308,1747.6,20.8,Australia,93739,Approved,2020-11-16,,Class 2,Available,,http://www.beaconlighting.com.au,FDH-21-L/P-G5-16/850,16.0
Greenhouse and Energy Minimum Standards (Double-capped fluorescent lamps) Determination 2017,LUCCI ENVIROLUX,China,High Frequency,120476 T5/28W/27K,,AS/NZS 4782.1:2004,1150.0,28.0,82.2,94.0249110320285,2642.1,28.1,87.1834532374101,2423.7,27.8,Australia,93744,Approved,2020-11-16,,Class 3,Available,,http://www.beaconlighting.com.au,FDH-28-L/P-G5-16/1150,16.0
Greenhouse and Energy Minimum Standards (Double-capped fluorescent lamps) Determination 2017,LUCCI ENVIROLUX,China,High Frequency,120477 T5/28W/40K,,AS/NZS 4782.1:2004,1150.0,28.0,87.8,94.4555160142349,2654.2,28.1,87.8165467625899,2441.3,27.8,Australia,93747,Approved,2020-11-17,,,Available,,http://www.beaconlighting.com.au,FDH-28-L/P-G5-16/1150,16.0
Greenhouse and Energy Minimum Standards (Double-capped fluorescent lamps) Determination 2017,LUCCI ENVIROLUX,China,High Frequency,120479 T5/35W/40K,,AS/NZS 4782.1:2004,1450.0,35.0,82.2,94.8717948717949,3330.0,35.1,88.6416184971098,3067.0,34.6,Australia,93766,Approved,2020-11-16,,Class 4,Available,,http://www.beaconlighting.com.au,FDH-35-L/P-G5-16/1450,16.0
Greenhouse and Energy Minimum Standards (Double-capped fluorescent lamps) Determination 2017,NEC,"China,Japan",50Hz,MT18CHGX,,AS/NZS 4782.1:2004,600.0,18.0,85.1,78.1034482758621,1359.0,17.4,66.8156424581006,1196.0,17.9,"Australia,New Zealand",94481,Approved,2020-11-14,,Class 1,Available,http://www.legrand.com.au/,http://www.nelt.co.jp/english/index.html,FD-18-E-G13-26/600,28.0
Greenhouse and Energy Minimum Standards (Double-capped fluorescent lamps) Determination 2017,NEC,"China,Japan",50Hz,MT37CHGX,,AS/NZS 4782.1:2004,1198.0,37.0,87.5,83.953488372093,3249.0,38.7,74.6410256410256,2911.0,39.0,"Australia,New Zealand",94483,Approved,2020-11-06,,Class 3,Available,http://www.legrand.com.au/,http://www.nelt.co.jp/english/index.html,FD-36-E-G13-26/1200,28.0
Greenhouse and Energy Minimum Standards (Double-capped fluorescent lamps) Determination 2017,NEC,"China,Japan",50Hz,MT37DHG,,AS/NZS 4782.1:2004,1198.0,37.0,85.0,95.4780361757106,3695.0,38.7,83.3846153846154,3252.0,39.0,"Australia,New Zealand",94486,Approved,2020-11-14,,Class 3,Available,http://www.legrand.com.au/,http://www.nelt.co.jp/english/index.html,FD-37-E-G13-28/1200,28.0
Greenhouse and Energy Minimum Standards (Double-capped fluorescent lamps) Determination 2017,NEC,"China,Japan",50Hz,MT18HGX,,AS/NZS 4782.1:2004,600.0,18.0,84.8,76.045197740113,1346.0,17.7,66.8926553672316,1184.0,17.7,"Australia,New Zealand",94487,Approved,2020-11-19,,,Available,http://www.legrand.com.au/,http://www.nelt.co.jp/english/index.html,FD-18-E-G13-26/600,28.0
Greenhouse and Energy Minimum Standards (Double-capped fluorescent lamps) Determination 2017,OSRAM,Russia,50Hz,L 58W/827,Lumilux T8 58W,,1500.0,58.0,80.0,89.6551724137931,5200.0,58.0,81.5862068965517,4732.0,58.0,"Australia,Fiji,New Zealand",96600,Approved,2021-02-17,,Class 4,Available,http://www.ledvance.com.au,http://www.ledvance.com.au,FD-58-E-G13-26/1500,26.0
Greenhouse and Energy Minimum Standards (Double-capped fluorescent lamps) Determination 2017,OSRAM,Russia,50Hz,L 58W/830,Lumilux T8 58W,,1500.0,58.0,80.0,89.6551724137931,5200.0,58.0,81.5862068965517,4732.0,58.0,"Australia,Fiji,New Zealand",96600,Approved,2021-02-17,,Class 4,Available,http://www.ledvance.com.au,http://www.ledvance.com.au,FD-58-E-G13-26/1500,26.0
Greenhouse and Energy Minimum Standards (Double-capped fluorescent lamps) Determination 2017,OSRAM,Russia,50Hz,L 58W/840,Lumilux T8 58W,,1500.0,58.0,80.0,89.6551724137931,5200.0,58.0,81.5862068965517,4732.0,58.0,"Australia,Fiji,New Zealand",96600,Approved,2021-02-17,,Class 4,Available,http://www.ledvance.com.au,http://www.ledvance.com.au,FD-58-E-G13-26/1500,26.0
Greenhouse and Energy Minimum Standards (Double-capped fluorescent lamps) Determination 2017,OSRAM,Russia,50Hz,L 58W/865,Lumilux T8 58W,,1500.0,58.0,80.0,89.6551724137931,5200.0,58.0,81.5862068965517,4732.0,58.0,"Australia,Fiji,New Zealand",96600,Approved,2021-02-17,,Class 4,Available,http://www.ledvance.com.au,http://www.ledvance.com.au,FD-58-E-G13-26/1500,26.0
Greenhouse and Energy Minimum Standards (Double-capped fluorescent lamps) Determination 2017,OSRAM,Russia,50Hz,L 58W/880,Lumilux T8 58W,,1500.0,58.0,80.0,89.6551724137931,5200.0,58.0,81.5862068965517,4732.0,58.0,"Australia,Fiji,New Zealand",96600,Approved,2021-02-17,,Class 4,Available,http://www.ledvance.com.au,http://www.ledvance.com.au,FD-58-E-G13-26/1500,26.0
Greenhouse and Energy Minimum Standards (Double-capped fluorescent lamps) Determination 2017,OSRAM,Russia,50Hz,Lumilux T8 58W,Lumilux T8 58W,,1500.0,58.0,80.0,89.6551724137931,5200.0,58.0,81.5862068965517,4732.0,58.0,"Australia,Fiji,New Zealand",96600,Approved,2021-02-17,,Class 4,Available,http://www.ledvance.com.au,http://www.ledvance.com.au,FD-58-E-G13-26/1500,26.0
Greenhouse and Energy Minimum Standards (Double-capped fluorescent lamps) Determination 2017,OSRAM,Russia,50Hz,L 30W/827,Lumilux T8 30W,,895.0,30.0,80.0,80.0,2400.0,30.0,72.8,2184.0,30.0,"Australia,Fiji,New Zealand",96601,Approved,2021-02-17,,Class 2,Available,http://www.ledvance.com.au,http://www.ledvance.com.au,FD-30-E-G13-26/900,26.0
Greenhouse and Energy Minimum Standards (Double-capped fluorescent lamps) Determination 2017,OSRAM,Russia,50Hz,L 30W/830,Lumilux T8 30W,,895.0,30.0,80.0,80.0,2400.0,30.0,72.8,2184.0,30.0,"Australia,Fiji,New Zealand",96601,Approved,2021-02-17,,Class 2,Available,http://www.ledvance.com.au,http://www.ledvance.com.au,FD-30-E-G13-26/900,26.0
Greenhouse and Energy Minimum Standards (Double-capped fluorescent lamps) Determination 2017,OSRAM,Russia,50Hz,L 30W/840,Lumilux T8 30W,,895.0,30.0,80.0,80.0,2400.0,30.0,72.8,2184.0,30.0,"Australia,Fiji,New Zealand",96601,Approved,2021-02-17,,Class 2,Available,http://www.ledvance.com.au,http://www.ledvance.com.au,FD-30-E-G13-26/900,26.0
Greenhouse and Energy Minimum Standards (Double-capped fluorescent lamps) Determination 2017,OSRAM,Russia,50Hz,L 30W/865,Lumilux T8 30W,,895.0,30.0,80.0,80.0,2400.0,30.0,72.8,2184.0,30.0,"Australia,Fiji,New Zealand",96601,Approved,2021-02-17,,Class 2,Available,http://www.ledvance.com.au,http://www.ledvance.com.au,FD-30-E-G13-26/900,26.0
Greenhouse and Energy Minimum Standards (Double-capped fluorescent lamps) Determination 2017,OSRAM,Russia,50Hz,Lumilux T8 30W,Lumilux T8 30W,,895.0,30.0,80.0,80.0,2400.0,30.0,72.8,2184.0,30.0,"Australia,Fiji,New Zealand",96601,Approved,2021-02-17,,Class 2,Available,http://www.ledvance.com.au,http://www.ledvance.com.au,FD-30-E-G13-26/900,26.0
Greenhouse and Energy Minimum Standards (Double-capped fluorescent lamps) Determination 2017,OSRAM,Germany,50Hz,L 23W/840 Lumilux,,,970.0,23.0,80.0,82.6086956521739,1900.0,23.0,75.1739130434783,1729.0,23.0,"Australia,Fiji,New Zealand",96603,Approved,2021-02-17,,Class 2,Available,http://www.ledvance.com.au,http://www.ledvance.com.au,FD-25-E-G13-38/970,26.0
Greenhouse and Energy Minimum Standards (Double-capped fluorescent lamps) Determination 2017,OSRAM,Russia,50Hz,L 18W/827,Lumilux T8 18W,,590.0,18.0,80.0,75.1111111111111,1352.0,18.0,68.2777777777778,1229.0,18.0,"Australia,Fiji,New Zealand",96604,Approved,2021-02-19,,Class 1,Available,http://www.ledvance.com.au,http://www.ledvance.com.au,FD-18-E-G13-26/600,26.0
Greenhouse and Energy Minimum Standards (Double-capped fluorescent lamps) Determination 2017,OSRAM,Russia,50Hz,L 18W/830,Lumilux T8 18W,,590.0,18.0,80.0,75.1111111111111,1352.0,18.0,68.2777777777778,1229.0,18.0,"Australia,Fiji,New Zealand",96604,Approved,2021-02-19,,Class 1,Available,http://www.ledvance.com.au,http://www.ledvance.com.au,FD-18-E-G13-26/600,26.0
Greenhouse and Energy Minimum Standards (Double-capped fluorescent lamps) Determination 2017,OSRAM,Russia,50Hz,L 18W/840,Lumilux T8 18W,,590.0,18.0,80.0,75.1111111111111,1352.0,18.0,68.2777777777778,1229.0,18.0,"Australia,Fiji,New Zealand",96604,Approved,2021-02-19,,Class 1,Available,http://www.ledvance.com.au,http://www.ledvance.com.au,FD-18-E-G13-26/600,26.0
Greenhouse and Energy Minimum Standards (Double-capped fluorescent lamps) Determination 2017,OSRAM,Russia,50Hz,L 18W/865,Lumilux T8 18W,,590.0,18.0,80.0,75.1111111111111,1352.0,18.0,68.2777777777778,1229.0,18.0,"Australia,Fiji,New Zealand",96604,Approved,2021-02-19,,Class 1,Available,http://www.ledvance.com.au,http://www.ledvance.com.au,FD-18-E-G13-26/600,26.0
Greenhouse and Energy Minimum Standards (Double-capped fluorescent lamps) Determination 2017,OSRAM,Russia,50Hz,L 18W/880,Lumilux T8 18W,,590.0,18.0,80.0,75.1111111111111,1352.0,18.0,68.2777777777778,1229.0,18.0,"Australia,Fiji,New Zealand",96604,Approved,2021-02-19,,Class 1,Available,http://www.ledvance.com.au,http://www.ledvance.com.au,FD-18-E-G13-26/600,26.0
Greenhouse and Energy Minimum Standards (Double-capped fluorescent lamps) Determination 2017,OSRAM,Russia,50Hz,Lumilux T8 18W,Lumilux T8 18W,,590.0,18.0,80.0,75.1111111111111,1352.0,18.0,68.2777777777778,1229.0,18.0,"Australia,Fiji,New Zealand",96604,Approved,2021-02-19,,Class 1,Available,http://www.ledvance.com.au,http://www.ledvance.com.au,FD-18-E-G13-26/600,26.0
Greenhouse and Energy Minimum Standards (Double-capped fluorescent lamps) Determination 2017,OSRAM,"China,Germany",High Frequency,HO 80W/827,Lumilux T5 HO 80W,,1449.0,80.0,80.0,87.5,7000.0,80.0,79.625,6370.0,80.0,"Australia,Fiji,New Zealand",96612,Approved,2021-02-17,,Class 4,Available,http://www.ledvance.com.au,http://www.ledvance.com.au,FDH-80-L/P-G5-16/1450,16.0
Greenhouse and Energy Minimum Standards (Double-capped fluorescent lamps) Determination 2017,OSRAM,"China,Germany",High Frequency,HO 80W/830,Lumilux T5 HO 80W,,1449.0,80.0,80.0,87.5,7000.0,80.0,79.625,6370.0,80.0,"Australia,Fiji,New Zealand",96612,Approved,2021-02-17,,Class 4,Available,http://www.ledvance.com.au,http://www.ledvance.com.au,FDH-80-L/P-G5-16/1450,16.0
Greenhouse and Energy Minimum Standards (Double-capped fluorescent lamps) Determination 2017,OSRAM,"China,Germany",High Frequency,HO 80W/840,Lumilux T5 HO 80W,,1449.0,80.0,80.0,87.5,7000.0,80.0,79.625,6370.0,80.0,"Australia,Fiji,New Zealand",96612,Approved,2021-02-17,,Class 4,Available,http://www.ledvance.com.au,http://www.ledvance.com.au,FDH-80-L/P-G5-16/1450,16.0
Greenhouse and Energy Minimum Standards (Double-capped fluorescent lamps) Determination 2017,OSRAM,"China,Germany",High Frequency,HO 80W/865,Lumilux T5 HO 80W,,1449.0,80.0,80.0,87.5,7000.0,80.0,79.625,6370.0,80.0,"Australia,Fiji,New Zealand",96612,Approved,2021-02-17,,Class 4,Available,http://www.ledvance.com.au,http://www.ledvance.com.au,FDH-80-L/P-G5-16/1450,16.0
Greenhouse and Energy Minimum Standards (Double-capped fluorescent lamps) Determination 2017,OSRAM,"China,Germany",High Frequency,Lumilux T5 HO 80W,Lumilux T5 HO 80W,,1449.0,80.0,80.0,87.5,7000.0,80.0,79.625,6370.0,80.0,"Australia,Fiji,New Zealand",96612,Approved,2021-02-17,,Class 4,Available,http://www.ledvance.com.au,http://www.ledvance.com.au,FDH-80-L/P-G5-16/1450,16.0
Greenhouse and Energy Minimum Standards (Double-capped fluorescent lamps) Determination 2017,OSRAM,"Italy,China,Germany",High Frequency,HO 54W/827,Lumilux T5 HO 54W,,1149.0,54.0,80.0,82.4074074074074,4450.0,54.0,75.0,4050.0,54.0,"Australia,Fiji,New Zealand",96613,Approved,2021-02-22,,Class 2,Available,http://www.ledvance.com.au,http://www.ledvance.com.au,FDH-54-L/P-G5-16/1150,16.0
Greenhouse and Energy Minimum Standards (Double-capped fluorescent lamps) Determination 2017,OSRAM,"Italy,China,Germany",High Frequency,HO 54W/830,Lumilux T5 HO 54W,,1149.0,54.0,80.0,82.4074074074074,4450.0,54.0,75.0,4050.0,54.0,"Australia,Fiji,New Zealand",96613,Approved,2021-02-22,,Class 2,Available,http://www.ledvance.com.au,http://www.ledvance.com.au,FDH-54-L/P-G5-16/1150,16.0
Greenhouse and Energy Minimum Standards (Double-capped fluorescent lamps) Determination 2017,OSRAM,"Italy,China,Germany",High Frequency,HO 54W/835,Lumilux T5 HO 54W,,1149.0,54.0,80.0,82.4074074074074,4450.0,54.0,75.0,4050.0,54.0,"Australia,Fiji,New Zealand",96613,Approved,2021-02-22,,Class 2,Available,http://www.ledvance.com.au,http://www.ledvance.com.au,FDH-54-L/P-G5-16/1150,16.0
Greenhouse and Energy Minimum Standards (Double-capped fluorescent lamps) Determination 2017,OSRAM,"Italy,China,Germany",High Frequency,HO 54W/840,Lumilux T5 HO 54W,,1149.0,54.0,80.0,82.4074074074074,4450.0,54.0,75.0,4050.0,54.0,"Australia,Fiji,New Zealand",96613,Approved,2021-02-22,,Class 2,Available,http://www.ledvance.com.au,http://www.ledvance.com.au,FDH-54-L/P-G5-16/1150,16.0
Greenhouse and Energy Minimum Standards (Double-capped fluorescent lamps) Determination 2017,OSRAM,"Italy,China,Germany",High Frequency,HO 54W/865,Lumilux T5 HO 54W,,1149.0,54.0,80.0,82.4074074074074,4450.0,54.0,75.0,4050.0,54.0,"Australia,Fiji,New Zealand",96613,Approved,2021-02-22,,Class 2,Available,http://www.ledvance.com.au,http://www.ledvance.com.au,FDH-54-L/P-G5-16/1150,16.0
Greenhouse and Energy Minimum Standards (Double-capped fluorescent lamps) Determination 2017,OSRAM,"Italy,China,Germany",High Frequency,HO 54W/880,Lumilux T5 HO 54W,,1149.0,54.0,80.0,82.4074074074074,4450.0,54.0,75.0,4050.0,54.0,"Australia,Fiji,New Zealand",96613,Approved,2021-02-22,,Class 2,Available,http://www.ledvance.com.au,http://www.ledvance.com.au,FDH-54-L/P-G5-16/1150,16.0
Greenhouse and Energy Minimum Standards (Double-capped fluorescent lamps) Determination 2017,OSRAM,"Italy,China,Germany",High Frequency,Lumilux T5 HO 54W,Lumilux T5 HO 54W,,1149.0,54.0,80.0,82.4074074074074,4450.0,54.0,75.0,4050.0,54.0,"Australia,Fiji,New Zealand",96613,Approved,2021-02-22,,Class 2,Available,http://www.ledvance.com.au,http://www.ledvance.com.au,FDH-54-L/P-G5-16/1150,16.0
Greenhouse and Energy Minimum Standards (Double-capped fluorescent lamps) Determination 2017,OSRAM,"Italy,China,Germany",High Frequency,HO 49W/827,Lumilux T5 HO 49W,,1449.0,49.0,80.0,87.9591836734694,4310.0,49.0,80.0408163265306,3922.0,49.0,"Australia,Fiji,New Zealand",96614,Approved,2021-02-17,,Class 4,Available,http://www.ledvance.com.au,http://www.ledvance.com.au,FDH-49-L/P-G5-16/1450,16.0
Greenhouse and Energy Minimum Standards (Double-capped fluorescent lamps) Determination 2017,OSRAM,"Italy,China,Germany",High Frequency,HO 49W/830,Lumilux T5 HO 49W,,1449.0,49.0,80.0,87.9591836734694,4310.0,49.0,80.0408163265306,3922.0,49.0,"Australia,Fiji,New Zealand",96614,Approved,2021-02-17,,Class 4,Available,http://www.ledvance.com.au,http://www.ledvance.com.au,FDH-49-L/P-G5-16/1450,16.0
Greenhouse and Energy Minimum Standards (Double-capped fluorescent lamps) Determination 2017,OSRAM,"Italy,China,Germany",High Frequency,HO 49W/840,Lumilux T5 HO 49W,,1449.0,49.0,80.0,87.9591836734694,4310.0,49.0,80.0408163265306,3922.0,49.0,"Australia,Fiji,New Zealand",96614,Approved,2021-02-17,,Class 4,Available,http://www.ledvance.com.au,http://www.ledvance.com.au,FDH-49-L/P-G5-16/1450,16.0
Greenhouse and Energy Minimum Standards (Double-capped fluorescent lamps) Determination 2017,OSRAM,"Italy,China,Germany",High Frequency,HO 49W/865,Lumilux T5 HO 49W,,1449.0,49.0,80.0,87.9591836734694,4310.0,49.0,80.0408163265306,3922.0,49.0,"Australia,Fiji,New Zealand",96614,Approved,2021-02-17,,Class 4,Available,http://www.ledvance.com.au,http://www.ledvance.com.au,FDH-49-L/P-G5-16/1450,16.0
Greenhouse and Energy Minimum Standards (Double-capped fluorescent lamps) Determination 2017,OSRAM,"Italy,China,Germany",High Frequency,HO 49W/880,Lumilux T5 HO 49W,,1449.0,49.0,80.0,87.9591836734694,4310.0,49.0,80.0408163265306,3922.0,49.0,"Australia,Fiji,New Zealand",96614,Approved,2021-02-17,,Class 4,Available,http://www.ledvance.com.au,http://www.ledvance.com.au,FDH-49-L/P-G5-16/1450,16.0
Greenhouse and Energy Minimum Standards (Double-capped fluorescent lamps) Determination 2017,OSRAM,"Italy,China,Germany",High Frequency,Lumilux T5 HO 49W,Lumilux T5 HO 49W,,1449.0,49.0,80.0,87.9591836734694,4310.0,49.0,80.0408163265306,3922.0,49.0,"Australia,Fiji,New Zealand",96614,Approved,2021-02-17,,Class 4,Available,http://www.ledvance.com.au,http://www.ledvance.com.au,FDH-49-L/P-G5-16/1450,16.0
Greenhouse and Energy Minimum Standards (Double-capped fluorescent lamps) Determination 2017,OSRAM,"China,Italy,Germany",High Frequency,HO 39W/827,Lumilux T5 HO 39W,,849.0,39.0,80.0,79.4871794871795,3100.0,39.0,72.3333333333333,2821.0,39.0,"Australia,Fiji,New Zealand",96615,Approved,2021-03-30,,Class 2,Available,http://www.ledvance.com.au,http://www.ledvance.com.au,FDH-39-L/P-G5-16/850,16.0
Greenhouse and Energy Minimum Standards (Double-capped fluorescent lamps) Determination 2017,OSRAM,"China,Italy,Germany",High Frequency,HO 39W/830,Lumilux T5 HO 39W,,849.0,39.0,80.0,79.4871794871795,3100.0,39.0,72.3333333333333,2821.0,39.0,"Australia,Fiji,New Zealand",96615,Approved,2021-03-30,,Class 2,Available,http://www.ledvance.com.au,http://www.ledvance.com.au,FDH-39-L/P-G5-16/850,16.0
Greenhouse and Energy Minimum Standards (Double-capped fluorescent lamps) Determination 2017,OSRAM,"China,Italy,Germany",High Frequency,HO 39W/840,Lumilux T5 HO 39W,,849.0,39.0,80.0,79.4871794871795,3100.0,39.0,72.3333333333333,2821.0,39.0,"Australia,Fiji,New Zealand",96615,Approved,2021-03-30,,Class 2,Available,http://www.ledvance.com.au,http://www.ledvance.com.au,FDH-39-L/P-G5-16/850,16.0
Greenhouse and Energy Minimum Standards (Double-capped fluorescent lamps) Determination 2017,OSRAM,"China,Italy,Germany",High Frequency,HO 39W/865,Lumilux T5 HO 39W,,849.0,39.0,80.0,79.4871794871795,3100.0,39.0,72.3333333333333,2821.0,39.0,"Australia,Fiji,New Zealand",96615,Approved,2021-03-30,,Class 2,Available,http://www.ledvance.com.au,http://www.ledvance.com.au,FDH-39-L/P-G5-16/850,16.0
Greenhouse and Energy Minimum Standards (Double-capped fluorescent lamps) Determination 2017,OSRAM,"China,Italy,Germany",High Frequency,Lumilux T5 HO 39W,Lumilux T5 HO 39W,,849.0,39.0,80.0,79.4871794871795,3100.0,39.0,72.3333333333333,2821.0,39.0,"Australia,Fiji,New Zealand",96615,Approved,2021-03-30,,Class 2,Available,http://www.ledvance.com.au,http://www.ledvance.com.au,FDH-39-L/P-G5-16/850,16.0
Greenhouse and Energy Minimum Standards (Double-capped fluorescent lamps) Determination 2017,OSRAM,"China,Germany",High Frequency,HE 28W/827,Lumilux T5 HE 28W,,1149.0,28.0,80.0,92.8571428571429,2600.0,28.0,84.5,2366.0,28.0,"Australia,Fiji,New Zealand",96616,Approved,2021-02-17,,Class 2,Available,http://www.ledvance.com.au,http://www.ledvance.com.au,FDH-28-L/P-G5-16/1150,16.0
Greenhouse and Energy Minimum Standards (Double-capped fluorescent lamps) Determination 2017,OSRAM,"China,Germany",High Frequency,HE 28W/830,Lumilux T5 HE 28W,,1149.0,28.0,80.0,92.8571428571429,2600.0,28.0,84.5,2366.0,28.0,"Australia,Fiji,New Zealand",96616,Approved,2021-02-17,,Class 2,Available,http://www.ledvance.com.au,http://www.ledvance.com.au,FDH-28-L/P-G5-16/1150,16.0
Greenhouse and Energy Minimum Standards (Double-capped fluorescent lamps) Determination 2017,OSRAM,"China,Germany",High Frequency,HE 28W/835,Lumilux T5 HE 28W,,1149.0,28.0,80.0,92.8571428571429,2600.0,28.0,84.5,2366.0,28.0,"Australia,Fiji,New Zealand",96616,Approved,2021-02-17,,Class 2,Available,http://www.ledvance.com.au,http://www.ledvance.com.au,FDH-28-L/P-G5-16/1150,16.0
Greenhouse and Energy Minimum Standards (Double-capped fluorescent lamps) Determination 2017,OSRAM,"China,Germany",High Frequency,HE 28W/840,Lumilux T5 HE 28W,,1149.0,28.0,80.0,92.8571428571429,2600.0,28.0,84.5,2366.0,28.0,"Australia,Fiji,New Zealand",96616,Approved,2021-02-17,,Class 2,Available,http://www.ledvance.com.au,http://www.ledvance.com.au,FDH-28-L/P-G5-16/1150,16.0
Greenhouse and Energy Minimum Standards (Double-capped fluorescent lamps) Determination 2017,OSRAM,"China,Germany",High Frequency,HE 28W/850,Lumilux T5 HE 28W,,1149.0,28.0,80.0,92.8571428571429,2600.0,28.0,84.5,2366.0,28.0,"Australia,Fiji,New Zealand",96616,Approved,2021-02-17,,Class 2,Available,http://www.ledvance.com.au,http://www.ledvance.com.au,FDH-28-L/P-G5-16/1150,16.0
Greenhouse and Energy Minimum Standards (Double-capped fluorescent lamps) Determination 2017,OSRAM,"China,Germany",High Frequency,HE 28W/865,Lumilux T5 HE 28W,,1149.0,28.0,80.0,92.8571428571429,2600.0,28.0,84.5,2366.0,28.0,"Australia,Fiji,New Zealand",96616,Approved,2021-02-17,,Class 2,Available,http://www.ledvance.com.au,http://www.ledvance.com.au,FDH-28-L/P-G5-16/1150,16.0
Greenhouse and Energy Minimum Standards (Double-capped fluorescent lamps) Determination 2017,OSRAM,"China,Germany",High Frequency,HE 28W/880,Lumilux T5 HE 28W,,1149.0,28.0,80.0,92.8571428571429,2600.0,28.0,84.5,2366.0,28.0,"Australia,Fiji,New Zealand",96616,Approved,2021-02-17,,Class 2,Available,http://www.ledvance.com.au,http://www.ledvance.com.au,FDH-28-L/P-G5-16/1150,16.0
Greenhouse and Energy Minimum Standards (Double-capped fluorescent lamps) Determination 2017,OSRAM,"China,Germany",High Frequency,Lumilux T5 HE 28W,Lumilux T5 HE 28W,,1149.0,28.0,80.0,92.8571428571429,2600.0,28.0,84.5,2366.0,28.0,"Australia,Fiji,New Zealand",96616,Approved,2021-02-17,,Class 2,Available,http://www.ledvance.com.au,http://www.ledvance.com.au,FDH-28-L/P-G5-16/1150,16.0
Greenhouse and Energy Minimum Standards (Double-capped fluorescent lamps) Determination 2017,OSRAM,"China,Italy,Germany",High Frequency,HE 21W/827,Lumilux T5 HE 21W,,849.0,21.0,80.0,90.4761904761905,1900.0,21.0,82.3333333333333,1729.0,21.0,"Australia,Fiji,New Zealand",96618,Approved,2021-03-30,,Class 2,Available,http://www.ledvance.com.au,http://www.ledvance.com.au,FDH-21-L/P-G5-16/850,16.0
Greenhouse and Energy Minimum Standards (Double-capped fluorescent lamps) Determination 2017,OSRAM,"China,Italy,Germany",High Frequency,HE 21W/830,Lumilux T5 HE 21W,,849.0,21.0,80.0,90.4761904761905,1900.0,21.0,82.3333333333333,1729.0,21.0,"Australia,Fiji,New Zealand",96618,Approved,2021-03-30,,Class 2,Available,http://www.ledvance.com.au,http://www.ledvance.com.au,FDH-21-L/P-G5-16/850,16.0
Greenhouse and Energy Minimum Standards (Double-capped fluorescent lamps) Determination 2017,OSRAM,"China,Italy,Germany",High Frequency,HE 21W/840,Lumilux T5 HE 21W,,849.0,21.0,80.0,90.4761904761905,1900.0,21.0,82.3333333333333,1729.0,21.0,"Australia,Fiji,New Zealand",96618,Approved,2021-03-30,,Class 2,Available,http://www.ledvance.com.au,http://www.ledvance.com.au,FDH-21-L/P-G5-16/850,16.0
Greenhouse and Energy Minimum Standards (Double-capped fluorescent lamps) Determination 2017,OSRAM,"China,Italy,Germany",High Frequency,HE 21W/865,Lumilux T5 HE 21W,,849.0,21.0,80.0,90.4761904761905,1900.0,21.0,82.3333333333333,1729.0,21.0,"Australia,Fiji,New Zealand",96618,Approved,2021-03-30,,Class 2,Available,http://www.ledvance.com.au,http://www.ledvance.com.au,FDH-21-L/P-G5-16/850,16.0
Greenhouse and Energy Minimum Standards (Double-capped fluorescent lamps) Determination 2017,OSRAM,"China,Italy,Germany",High Frequency,HE 21W/880,Lumilux T5 HE 21W,,849.0,21.0,80.0,90.4761904761905,1900.0,21.0,82.3333333333333,1729.0,21.0,"Australia,Fiji,New Zealand",96618,Approved,2021-03-30,,Class 2,Available,http://www.ledvance.com.au,http://www.ledvance.com.au,FDH-21-L/P-G5-16/850,16.0
Greenhouse and Energy Minimum Standards (Double-capped fluorescent lamps) Determination 2017,OSRAM,"China,Italy,Germany",High Frequency,Lumilux T5 HE 21W,Lumilux T5 HE 21W,,849.0,21.0,80.0,90.4761904761905,1900.0,21.0,82.3333333333333,1729.0,21.0,"Australia,Fiji,New Zealand",96618,Approved,2021-03-30,,Class 2,Available,http://www.ledvance.com.au,http://www.ledvance.com.au,FDH-21-L/P-G5-16/850,16.0
Greenhouse and Energy Minimum Standards (Double-capped fluorescent lamps) Determination 2017,HITACHI,Japan,50Hz,F30T9/EX-D,,AS/NZS 4782.1:2004,893.0,30.0,82.3,75.7046979865772,2256.0,29.8,67.7483443708609,2046.0,30.2,Australia,98548,Approved,2021-10-29,,Class 2,Available,,http://www.hitachi.com.au/products/product-categories/consumer-products.html,FD-30-E-G13-26/900,28.0
Greenhouse and Energy Minimum Standards (Double-capped fluorescent lamps) Determination 2017,Sylvania,Thailand,50Hz,FL40T12/840-4000K-RS,,AS/NZS 4782.1:2004,1200.0,40.0,86.0,82.2020725388601,3173.0,38.6,72.3514211886305,2800.0,38.7,"Australia,New Zealand",99162,Approved,2021-06-17,,Class 3,Available,,,FD-40-E-G13-38/1200,38.0
Greenhouse and Energy Minimum Standards (Double-capped fluorescent lamps) Determination 2017,Sylvania,Thailand,50Hz,FL20T12/840-4000K-RS,,AS/NZS 4782.1:2004,600.0,20.0,87.0,67.7777777777778,1281.0,18.9,58.6243386243386,1108.0,18.9,"Australia,New Zealand",99164,Approved,2021-05-31,,Class 1,Available,,,FD-20-E-G13-38/600,38.0
Greenhouse and Energy Minimum Standards (Double-capped fluorescent lamps) Determination 2017,Sylvania,China,50Hz,F36W/840 - 218010,,AS/NZS 4782.1:2004,1200.0,36.0,81.6,85.2393617021277,3205.0,37.6,76.9066666666667,2884.0,37.5,"Australia,New Zealand",100643,Approved,2021-07-27,,Class 3,Available,http://www.havells-sylvania.com/,,FD-36-E-G13-26/1200,26.0
Greenhouse and Energy Minimum Standards (Double-capped fluorescent lamps) Determination 2017,Sylvania,China,50Hz,F18W/840 - 218048,,AS/NZS 4782.1:2004,590.0,18.0,83.2,78.5483870967742,1461.0,18.6,70.4787234042553,1325.0,18.8,"Australia,New Zealand",100911,Approved,2021-08-02,,Class 1,Available,http://www.havells-sylvania.com/,,FD-18-E-G13-26/600,26.0
Greenhouse and Energy Minimum Standards (Double-capped fluorescent lamps) Determination 2017,Sylvania,China,50Hz,218049,,,590.0,18.0,84.0,74.8826815642458,1340.4,17.9,66.0,1207.8,18.3,"Australia,Fiji,New Zealand",101062,Approved,2021-09-14,,Class 1,Available,,,FD-18-E-G13-26/600,26.0
Greenhouse and Energy Minimum Standards (Double-capped fluorescent lamps) Determination 2017,Sylvania,China,50Hz,218048,,,590.0,18.0,83.0,74.5672808486879,1335.5,17.91,69.2596685082873,1253.6,18.1,"Australia,Fiji,New Zealand",101077,Approved,2021-09-09,,Class 1,Available,,,FD-18-E-G13-26/600,26.0
Greenhouse and Energy Minimum Standards (Double-capped fluorescent lamps) Determination 2017,Sylvania,China,50Hz,212960,,,590.0,18.0,82.0,70.0655737704918,1282.2,18.3,63.4426229508197,1161.0,18.3,"Australia,Fiji,New Zealand",101078,Approved,2021-09-14,,Class 1,Available,,,FD-18-E-G13-26/600,26.0
Greenhouse and Energy Minimum Standards (Double-capped fluorescent lamps) Determination 2017,Sylvania,China,50Hz,218050,,,590.0,18.0,81.0,70.7765363128492,1266.9,17.9,62.8804347826087,1157.0,18.4,"Australia,Fiji,New Zealand",101079,Approved,2021-09-13,,Class 1,Available,,,FD-18-E-G13-26/600,26.0
Greenhouse and Energy Minimum Standards (Double-capped fluorescent lamps) Determination 2017,Sylvania,China,50Hz,218004,,,1200.0,36.0,84.0,87.3135135135135,3230.6,37.0,78.0081081081081,2886.3,37.0,"Australia,Fiji,New Zealand",101081,Approved,2021-09-14,,Class 3,Available,,,FD-36-E-G13-26/1200,26.0
Greenhouse and Energy Minimum Standards (Double-capped fluorescent lamps) Determination 2017,Sylvania,China,50Hz,218010,,,1200.0,36.0,81.6,87.5837837837838,3240.6,37.0,81.5513513513514,3017.4,37.0,"Australia,Fiji,New Zealand",101082,Approved,2021-09-13,,Class 3,Available,,,FD-36-E-G13-26/1200,26.0
Greenhouse and Energy Minimum Standards (Double-capped fluorescent lamps) Determination 2017,Sylvania,China,50Hz,212961,,,1200.0,36.0,83.0,84.6846361185984,3141.8,37.1,82.4646739130435,3034.7,36.8,"Australia,Fiji,New Zealand",101083,Approved,2021-08-15,,Class 3,Available,,,FD-36-E-G13-26/1200,26.0
Greenhouse and Energy Minimum Standards (Double-capped fluorescent lamps) Determination 2017,Sylvania,China,50Hz,218006,,,1200.0,36.0,81.0,84.9810810810811,3144.3,37.0,78.6836461126005,2934.9,37.3,"Australia,Fiji,New Zealand",101084,Approved,2021-08-12,,Class 3,Available,,,FD-36-E-G13-26/1200,26.0
Greenhouse and Energy Minimum Standards (Double-capped fluorescent lamps) Determination 2017,Sylvania,China,50Hz,218185,,,1500.0,58.0,83.0,87.6391231028668,5197.0,59.3,71.7263513513513,4246.2,59.2,"Australia,Fiji,New Zealand",101085,Approved,2021-08-15,,Class 4,Available,,,FD-58-E-G13-26/1500,26.0
Greenhouse and Energy Minimum Standards (Double-capped fluorescent lamps) Determination 2017,Sylvania,China,50Hz,218144,,,1500.0,58.0,82.0,89.0608108108108,5272.4,59.2,80.9134125636672,4765.8,58.9,"Australia,Fiji,New Zealand",101086,Approved,2021-08-12,,Class 4,Available,,,FD-58-E-G13-26/1500,26.0
Greenhouse and Energy Minimum Standards (Double-capped fluorescent lamps) Determination 2017,Sylvania,China,50Hz,212962,,,1500.0,58.0,81.0,86.9712837837838,5148.7,59.2,81.0873949579832,4824.7,59.5,"Australia,Fiji,New Zealand",101092,Approved,2021-08-15,,Class 4,Available,,,FD-58-E-G13-26/1500,26.0
Greenhouse and Energy Minimum Standards (Double-capped fluorescent lamps) Determination 2017,Sylvania,China,50Hz,218145,,,1500.0,58.0,81.0,86.9712837837838,5148.7,59.2,83.6,4974.2,59.5,"Australia,Fiji,New Zealand",101093,Approved,2021-08-12,,Class 4,Available,,,FD-58-E-G13-26/1500,26.0
Greenhouse and Energy Minimum Standards (Double-capped fluorescent lamps) Determination 2017,OSRAM,"Italy,China",High Frequency,Lumilux HO 24W,Lumilux HO 24W,AS/NZS 4782.1:2004,550.0,24.0,80.0,72.9166666666667,1750.0,24.0,67.0833333333333,1610.0,24.0,"Australia,Fiji,New Zealand",104373,Approved,2022-03-22,,Class 1,Available,http://www.ledvance.com.au,http://www.ledvance.com.au,FDH-24-L/P-G5-16/550,16.0
Greenhouse and Energy Minimum Standards (Double-capped fluorescent lamps) Determination 2017,OSRAM,"Italy,China",High Frequency,Lumilux HO 24W/830,Lumilux HO 24W,AS/NZS 4782.1:2004,550.0,24.0,80.0,72.9166666666667,1750.0,24.0,67.0833333333333,1610.0,24.0,"Australia,Fiji,New Zealand",104373,Approved,2022-03-22,,Class 1,Available,http://www.ledvance.com.au,http://www.ledvance.com.au,FDH-24-L/P-G5-16/550,16.0
Greenhouse and Energy Minimum Standards (Double-capped fluorescent lamps) Determination 2017,OSRAM,"Italy,China",High Frequency,Lumilux HO 24W/840,Lumilux HO 24W,AS/NZS 4782.1:2004,550.0,24.0,80.0,72.9166666666667,1750.0,24.0,67.0833333333333,1610.0,24.0,"Australia,Fiji,New Zealand",104373,Approved,2022-03-22,,Class 1,Available,http://www.ledvance.com.au,http://www.ledvance.com.au,FDH-24-L/P-G5-16/550,16.0
Greenhouse and Energy Minimum Standards (Double-capped fluorescent lamps) Determination 2017,OSRAM,"Italy,China",High Frequency,Lumilux HO 24W/865,Lumilux HO 24W,AS/NZS 4782.1:2004,550.0,24.0,80.0,72.9166666666667,1750.0,24.0,67.0833333333333,1610.0,24.0,"Australia,Fiji,New Zealand",104373,Approved,2022-03-22,,Class 1,Available,http://www.ledvance.com.au,http://www.ledvance.com.au,FDH-24-L/P-G5-16/550,16.0
Greenhouse and Energy Minimum Standards (Double-capped fluorescent lamps) Determination 2017,RADIUM,Germany,50Hz,NL-T8 36W/830/G13,Spectralux Plus NL-T8 36W,AS/NZS 4782.1:2004,1200.0,36.0,80.0,93.0555555555556,3350.0,36.0,93.0555555555556,3350.0,36.0,"Australia,Fiji,New Zealand",105316,Approved,2022-06-13,,Class 3,Available,http://www.ledvance.com.au,,FD-36-E-G13-26/1200,26.0
Greenhouse and Energy Minimum Standards (Double-capped fluorescent lamps) Determination 2017,RADIUM,Germany,50Hz,NL-T8 36W/840-1/G13,Spectralux Plus NL-T8 36W,AS/NZS 4782.1:2004,1200.0,36.0,80.0,93.0555555555556,3350.0,36.0,93.0555555555556,3350.0,36.0,"Australia,Fiji,New Zealand",105316,Approved,2022-06-13,,Class 3,Available,http://www.ledvance.com.au,,FD-36-E-G13-26/1200,26.0
Greenhouse and Energy Minimum Standards (Double-capped fluorescent lamps) Determination 2017,RADIUM,Germany,50Hz,NL-T8 36W/840/G13,Spectralux Plus NL-T8 36W,AS/NZS 4782.1:2004,1200.0,36.0,80.0,93.0555555555556,3350.0,36.0,93.0555555555556,3350.0,36.0,"Australia,Fiji,New Zealand",105316,Approved,2022-06-13,,Class 3,Available,http://www.ledvance.com.au,,FD-36-E-G13-26/1200,26.0
Greenhouse and Energy Minimum Standards (Double-capped fluorescent lamps) Determination 2017,RADIUM,Germany,50Hz,Spectralux Plus NL-T8 36W,Spectralux Plus NL-T8 36W,AS/NZS 4782.1:2004,1200.0,36.0,80.0,93.0555555555556,3350.0,36.0,93.0555555555556,3350.0,36.0,"Australia,Fiji,New Zealand",105316,Approved,2022-06-13,,Class 3,Available,http://www.ledvance.com.au,,FD-36-E-G13-26/1200,26.0
Greenhouse and Energy Minimum Standards (Double-capped fluorescent lamps) Determination 2017,MIRABELLA,China,50Hz,TRI054028,,AS/NZS 4782.1:2004,1150.0,28.0,83.0,92.1554770318021,2608.0,28.3,75.5395683453237,2100.0,27.8,Australia,108887,Approved,2022-07-20,,Class 3,Available,,http://www.mirabella.com.au,FDH-28-L/P-G5-16/1150,16.0
Greenhouse and Energy Minimum Standards (Double-capped fluorescent lamps) Determination 2017,MIRABELLA,China,High Frequency,TRI084018,,AS/NZS 4782.1:2004,600.0,18.0,82.0,72.2222222222222,1300.0,18.0,65.0,1170.0,18.0,Australia,108890,Approved,2022-07-20,,Class 1,Available,,http://www.mirabella.com.au,FD-18-E-G13-26/600,26.0
Greenhouse and Energy Minimum Standards (Double-capped fluorescent lamps) Determination 2017,MIRABELLA,China,High Frequency,TRI084036,,AS/NZS 4782.1:2004,1200.0,36.0,82.0,88.8888888888889,3200.0,36.0,80.0,2880.0,36.0,Australia,108891,Approved,2022-10-25,,Class 3,Available,,http://www.mirabella.com.au,FD-36-E-G13-26/1200,26.0
Greenhouse and Energy Minimum Standards (Double-capped fluorescent lamps) Determination 2017,MIRABELLA,China,50Hz,TRI086536,,AS/NZS 4782.1:2004,1200.0,36.0,80.0,82.4022346368715,2950.0,35.8,73.75,2655.0,36.0,Australia,109281,Approved,2022-07-28,,Class 3,Unavailable,,http://www.mirabella.com.au,FD-36-E-G13-26/1200,26.0
Greenhouse and Energy Minimum Standards (Double-capped fluorescent lamps) Determination 2017,MIRABELLA,China,50Hz,TRI086518,,AS/NZS 4782.1:2004,600.0,18.0,82.0,72.2222222222222,1300.0,18.0,65.0,1170.0,18.0,Australia,109282,Approved,2022-10-26,,Class 1,Unavailable,,http://www.mirabella.com.au,FD-18-E-G13-26/600,26.0
Greenhouse and Energy Minimum Standards (Double-capped fluorescent lamps) Determination 2017,NEC,Japan,50Hz,FL40SSEX-N/37-HG,,AS/NZS 4782.1:2004,1198.0,37.0,88.1,87.5384615384615,3414.0,39.0,74.293059125964,2890.0,38.9,"Australia,New Zealand",109766,Approved,2022-09-16,,Class 3,Available,http://www.legrand.com.au/,http://www.nelt.co.jp/english/index.html,FD-36-E-G13-26/1200,26.0
Greenhouse and Energy Minimum Standards (Double-capped fluorescent lamps) Determination 2017,NELSON,China,50Hz,MT18D,,AS/NZS 4782.1:2004,589.8,18.0,81.0,72.2222222222222,1300.0,18.0,68.1976744186046,1173.0,17.2,"Australia,New Zealand",109769,Approved,2022-09-25,,Class 1,Available,http://www.legrand.com.au/,http://www.nelsonlamps.com.au,FD-18-E-G13-26/600,26.0
Greenhouse and Energy Minimum Standards (Double-capped fluorescent lamps) Determination 2017,NELSON,China,50Hz,MT36D,,AS/NZS 4782.1:2004,1198.0,36.0,81.0,86.1111111111111,3100.0,36.0,80.2777777777778,2890.0,36.0,"Australia,New Zealand",109778,Approved,2022-10-23,,Class 3,Available,http://www.legrand.com.au/,http://www.nelsonlamps.com.au,FD-36-E-G13-26/1200,26.0
Greenhouse and Energy Minimum Standards (Double-capped fluorescent lamps) Determination 2017,NELSON,China,High Frequency,M5T28CC,,AS/NZS 4782.1:2004,1150.0,28.0,81.0,92.0,2576.0,28.0,83.8571428571429,2348.0,28.0,"Australia,New Zealand",109853,Approved,2022-10-23,,Class 3,Available,http://www.legrand.com.au/,http://www.nelsonlamps.com.au,FDH-28-L/P-G5-16/1150,16.0
Greenhouse and Energy Minimum Standards (Double-capped fluorescent lamps) Determination 2017,NELSON,China,High Frequency,M5T28NC,,AS/NZS 4782.1:2004,1150.0,28.0,81.0,88.2142857142857,2470.0,28.0,80.8928571428571,2265.0,28.0,"Australia,New Zealand",109854,Approved,2022-11-28,,Class 3,Available,http://www.legrand.com.au/,http://www.nelsonlamps.com.au,FDH-28-L/P-G5-16/1150,16.0
Greenhouse and Energy Minimum Standards (Double-capped fluorescent lamps) Determination 2017,GE,China,High Frequency,61071,FT5/35W/840/GE/SL1,AS/NZS 4782.1:2004,1449.0,35.0,82.0,94.1176470588235,3200.0,34.0,84.1470588235294,2861.0,34.0,"Australia,New Zealand",110274,Approved,2022-10-24,,Class 4,Unavailable,,,FDH-35-L/P-G5-16/1450,16.0
Greenhouse and Energy Minimum Standards (Double-capped fluorescent lamps) Determination 2017,GE,China,High Frequency,61103,FT5/35W/840/GE/SL1,AS/NZS 4782.1:2004,1449.0,35.0,82.0,94.1176470588235,3200.0,34.0,84.1470588235294,2861.0,34.0,"Australia,New Zealand",110274,Approved,2022-10-24,,Class 4,Unavailable,,,FDH-35-L/P-G5-16/1450,16.0
Greenhouse and Energy Minimum Standards (Double-capped fluorescent lamps) Determination 2017,GE,China,High Frequency,F35W/840/LL,FT5/35W/840/GE/SL1,AS/NZS 4782.1:2004,1449.0,35.0,82.0,94.1176470588235,3200.0,34.0,84.1470588235294,2861.0,34.0,"Australia,New Zealand",110274,Approved,2022-10-24,,Class 4,Unavailable,,,FDH-35-L/P-G5-16/1450,16.0
Greenhouse and Energy Minimum Standards (Double-capped fluorescent lamps) Determination 2017,GE,China,High Frequency,FT5/35W/840/GE/SL1,FT5/35W/840/GE/SL1,AS/NZS 4782.1:2004,1449.0,35.0,82.0,94.1176470588235,3200.0,34.0,84.1470588235294,2861.0,34.0,"Australia,New Zealand",110274,Approved,2022-10-24,,Class 4,Unavailable,,,FDH-35-L/P-G5-16/1450,16.0
Greenhouse and Energy Minimum Standards (Double-capped fluorescent lamps) Determination 2017,GE,China,High Frequency,61070,FT5/28W/840/GE/SL1,AS/NZS 4782.1:2004,1149.0,28.0,82.11,83.9892086330935,2334.9,27.8,83.3892857142857,2334.9,28.0,"Australia,New Zealand",110291,Approved,2022-10-24,,Class 2,Unavailable,,,FDH-28-L/P-G5-16/1150,16.0
Greenhouse and Energy Minimum Standards (Double-capped fluorescent lamps) Determination 2017,GE,China,High Frequency,61102,FT5/28W/840/GE/SL1,AS/NZS 4782.1:2004,1149.0,28.0,82.11,83.9892086330935,2334.9,27.8,83.3892857142857,2334.9,28.0,"Australia,New Zealand",110291,Approved,2022-10-24,,Class 2,Unavailable,,,FDH-28-L/P-G5-16/1150,16.0
Greenhouse and Energy Minimum Standards (Double-capped fluorescent lamps) Determination 2017,GE,China,High Frequency,F28W/840/LL,FT5/28W/840/GE/SL1,AS/NZS 4782.1:2004,1149.0,28.0,82.11,83.9892086330935,2334.9,27.8,83.3892857142857,2334.9,28.0,"Australia,New Zealand",110291,Approved,2022-10-24,,Class 2,Unavailable,,,FDH-28-L/P-G5-16/1150,16.0
Greenhouse and Energy Minimum Standards (Double-capped fluorescent lamps) Determination 2017,GE,China,High Frequency,FT5/28W/840/GE/SL1,FT5/28W/840/GE/SL1,AS/NZS 4782.1:2004,1149.0,28.0,82.11,83.9892086330935,2334.9,27.8,83.3892857142857,2334.9,28.0,"Australia,New Zealand",110291,Approved,2022-10-24,,Class 2,Unavailable,,,FDH-28-L/P-G5-16/1150,16.0
Greenhouse and Energy Minimum Standards (Double-capped fluorescent lamps) Determination 2017,GE,China,High Frequency,61098,FT5/28W/865/GE/SL1,AS/NZS 4782.1:2004,1149.0,28.0,83.0,86.5467625899281,2406.0,27.8,77.8853046594982,2173.0,27.9,"Australia,New Zealand",110297,Approved,2022-10-26,,Class 2,Unavailable,,,FDH-28-L/P-G5-16/1150,16.0
Greenhouse and Energy Minimum Standards (Double-capped fluorescent lamps) Determination 2017,GE,China,High Frequency,F28W/865/LL,FT5/28W/865/GE/SL1,AS/NZS 4782.1:2004,1149.0,28.0,83.0,86.5467625899281,2406.0,27.8,77.8853046594982,2173.0,27.9,"Australia,New Zealand",110297,Approved,2022-10-26,,Class 2,Unavailable,,,FDH-28-L/P-G5-16/1150,16.0
Greenhouse and Energy Minimum Standards (Double-capped fluorescent lamps) Determination 2017,GE,China,High Frequency,FT5/28W/865/GE/SL1,FT5/28W/865/GE/SL1,AS/NZS 4782.1:2004,1149.0,28.0,83.0,86.5467625899281,2406.0,27.8,77.8853046594982,2173.0,27.9,"Australia,New Zealand",110297,Approved,2022-10-26,,Class 2,Unavailable,,,FDH-28-L/P-G5-16/1150,16.0
Greenhouse and Energy Minimum Standards (Double-capped fluorescent lamps) Determination 2017,GE,China,High Frequency,61081,FT5/24W/840/GE/SL1,AS/NZS 4782.1:2004,550.0,24.0,84.0,83.0222222222222,1868.0,22.5,74.7577092511013,1697.0,22.7,"Australia,New Zealand",110298,Approved,2022-10-24,,Class 1,Unavailable,,,FDH-24-L/P-G5-16/550,16.0
Greenhouse and Energy Minimum Standards (Double-capped fluorescent lamps) Determination 2017,GE,China,High Frequency,61097,FT5/24W/840/GE/SL1,AS/NZS 4782.1:2004,550.0,24.0,84.0,83.0222222222222,1868.0,22.5,74.7577092511013,1697.0,22.7,"Australia,New Zealand",110298,Approved,2022-10-24,,Class 1,Unavailable,,,FDH-24-L/P-G5-16/550,16.0
Greenhouse and Energy Minimum Standards (Double-capped fluorescent lamps) Determination 2017,GE,China,High Frequency,F24W/840/LL,FT5/24W/840/GE/SL1,AS/NZS 4782.1:2004,550.0,24.0,84.0,83.0222222222222,1868.0,22.5,74.7577092511013,1697.0,22.7,"Australia,New Zealand",110298,Approved,2022-10-24,,Class 1,Unavailable,,,FDH-24-L/P-G5-16/550,16.0
Greenhouse and Energy Minimum Standards (Double-capped fluorescent lamps) Determination 2017,GE,China,High Frequency,FT5/24W/840/GE/SL1,FT5/24W/840/GE/SL1,AS/NZS 4782.1:2004,550.0,24.0,84.0,83.0222222222222,1868.0,22.5,74.7577092511013,1697.0,22.7,"Australia,New Zealand",110298,Approved,2022-10-24,,Class 1,Unavailable,,,FDH-24-L/P-G5-16/550,16.0
Greenhouse and Energy Minimum Standards (Double-capped fluorescent lamps) Determination 2017,GE,China,High Frequency,61078,FT5/28W/840/GE/WM/SL1,AS/NZS 4782.1:2004,1149.0,28.0,81.0,102.528301886792,2717.0,26.5,92.4719101123596,2469.0,26.7,"Australia,New Zealand",110299,Approved,2022-10-23,,Class 2,Unavailable,,,FDH-28-L/P-G5-16/1150,16.0
Greenhouse and Energy Minimum Standards (Double-capped fluorescent lamps) Determination 2017,GE,China,High Frequency,F26W/840/WM,FT5/28W/840/GE/WM/SL1,AS/NZS 4782.1:2004,1149.0,28.0,81.0,102.528301886792,2717.0,26.5,92.4719101123596,2469.0,26.7,"Australia,New Zealand",110299,Approved,2022-10-23,,Class 2,Unavailable,,,FDH-28-L/P-G5-16/1150,16.0
Greenhouse and Energy Minimum Standards (Double-capped fluorescent lamps) Determination 2017,GE,China,High Frequency,FT5/28W/840/GE/WM/SL1,FT5/28W/840/GE/WM/SL1,AS/NZS 4782.1:2004,1149.0,28.0,81.0,102.528301886792,2717.0,26.5,92.4719101123596,2469.0,26.7,"Australia,New Zealand",110299,Approved,2022-10-23,,Class 2,Unavailable,,,FDH-28-L/P-G5-16/1150,16.0
Greenhouse and Energy Minimum Standards (Double-capped fluorescent lamps) Determination 2017,MIRABELLA,China,50Hz,TR2085000036,,AS/NZS 4782.1:2004,1200.0,36.0,80.0,82.7123287671233,3019.0,36.5,71.763085399449,2605.0,36.3,Australia,110730,Approved,2022-11-02,,Class 3,Available,,http://www.mirabella.com.au,FD-36-E-G13-26/1200,26.0
Greenhouse and Energy Minimum Standards (Double-capped fluorescent lamps) Determination 2017,MIRABELLA,China,50Hz,TR2085000018,,AS/NZS 4782.1:2004,600.0,18.0,80.0,70.6214689265537,1250.0,17.7,60.7182320441989,1099.0,18.1,Australia,110733,Approved,2022-10-31,,Class 1,Available,,http://www.mirabella.com.au,FD-18-E-G13-26/600,26.0
Greenhouse and Energy Minimum Standards (Double-capped fluorescent lamps) Determination 2017,PHILIPS,China,High Frequency,"18W, 830 lamp",Alto Linear,AS/NZS 4782.1:2004,1206.0,36.0,83.0,88.9617486338798,3256.0,36.6,85.8469945355191,3142.0,36.6,"Australia,New Zealand",114976,Approved,2023-06-14,,Class 3,Unavailable,http://www.philips.com.au/,,FD-36-E-G13-26/1200,26.0
Greenhouse and Energy Minimum Standards (Double-capped fluorescent lamps) Determination 2017,PHILIPS,China,High Frequency,"18W, 840 lamp",Alto Linear,AS/NZS 4782.1:2004,1206.0,36.0,83.0,88.9617486338798,3256.0,36.6,85.8469945355191,3142.0,36.6,"Australia,New Zealand",114976,Approved,2023-06-14,,Class 3,Unavailable,http://www.philips.com.au/,,FD-36-E-G13-26/1200,26.0
Greenhouse and Energy Minimum Standards (Double-capped fluorescent lamps) Determination 2017,PHILIPS,China,High Frequency,"18W, 865 lamp",Alto Linear,AS/NZS 4782.1:2004,1206.0,36.0,83.0,88.9617486338798,3256.0,36.6,85.8469945355191,3142.0,36.6,"Australia,New Zealand",114976,Approved,2023-06-14,,Class 3,Unavailable,http://www.philips.com.au/,,FD-36-E-G13-26/1200,26.0
Greenhouse and Energy Minimum Standards (Double-capped fluorescent lamps) Determination 2017,PHILIPS,China,High Frequency,"30W, 830 lamp",Alto Linear,AS/NZS 4782.1:2004,1206.0,36.0,83.0,88.9617486338798,3256.0,36.6,85.8469945355191,3142.0,36.6,"Australia,New Zealand",114976,Approved,2023-06-14,,Class 3,Unavailable,http://www.philips.com.au/,,FD-36-E-G13-26/1200,26.0
Greenhouse and Energy Minimum Standards (Double-capped fluorescent lamps) Determination 2017,PHILIPS,China,High Frequency,"30W, 840 lamp",Alto Linear,AS/NZS 4782.1:2004,1206.0,36.0,83.0,88.9617486338798,3256.0,36.6,85.8469945355191,3142.0,36.6,"Australia,New Zealand",114976,Approved,2023-06-14,,Class 3,Unavailable,http://www.philips.com.au/,,FD-36-E-G13-26/1200,26.0
Greenhouse and Energy Minimum Standards (Double-capped fluorescent lamps) Determination 2017,PHILIPS,China,High Frequency,"30W, 865 lamp",Alto Linear,AS/NZS 4782.1:2004,1206.0,36.0,83.0,88.9617486338798,3256.0,36.6,85.8469945355191,3142.0,36.6,"Australia,New Zealand",114976,Approved,2023-06-14,,Class 3,Unavailable,http://www.philips.com.au/,,FD-36-E-G13-26/1200,26.0
Greenhouse and Energy Minimum Standards (Double-capped fluorescent lamps) Determination 2017,PHILIPS,China,High Frequency,"36W, 830 lamp",Alto Linear,AS/NZS 4782.1:2004,1206.0,36.0,83.0,88.9617486338798,3256.0,36.6,85.8469945355191,3142.0,36.6,"Australia,New Zealand",114976,Approved,2023-06-14,,Class 3,Unavailable,http://www.philips.com.au/,,FD-36-E-G13-26/1200,26.0
Greenhouse and Energy Minimum Standards (Double-capped fluorescent lamps) Determination 2017,PHILIPS,China,High Frequency,"36W, 840 lamp",Alto Linear,AS/NZS 4782.1:2004,1206.0,36.0,83.0,88.9617486338798,3256.0,36.6,85.8469945355191,3142.0,36.6,"Australia,New Zealand",114976,Approved,2023-06-14,,Class 3,Unavailable,http://www.philips.com.au/,,FD-36-E-G13-26/1200,26.0
Greenhouse and Energy Minimum Standards (Double-capped fluorescent lamps) Determination 2017,PHILIPS,China,High Frequency,"36W, 865 lamp",Alto Linear,AS/NZS 4782.1:2004,1206.0,36.0,83.0,88.9617486338798,3256.0,36.6,85.8469945355191,3142.0,36.6,"Australia,New Zealand",114976,Approved,2023-06-14,,Class 3,Unavailable,http://www.philips.com.au/,,FD-36-E-G13-26/1200,26.0
Greenhouse and Energy Minimum Standards (Double-capped fluorescent lamps) Determination 2017,PHILIPS,China,High Frequency,Alto Linear,Alto Linear,AS/NZS 4782.1:2004,1206.0,36.0,83.0,88.9617486338798,3256.0,36.6,85.8469945355191,3142.0,36.6,"Australia,New Zealand",114976,Approved,2023-06-14,,Class 3,Unavailable,http://www.philips.com.au/,,FD-36-E-G13-26/1200,26.0
Greenhouse and Energy Minimum Standards (Double-capped fluorescent lamps) Determination 2017,GE,China,High Frequency,61068,FT5/21W/840/GE,AS/NZS 4782.1:2004,849.0,21.0,81.0,90.8292682926829,1862.0,20.5,77.9227053140097,1613.0,20.7,"Australia,New Zealand",115389,Approved,2023-07-10,,Class 2,Available,,,FDH-21-L/P-G5-16/850,16.0
Greenhouse and Energy Minimum Standards (Double-capped fluorescent lamps) Determination 2017,GE,China,High Frequency,61093,FT5/21W/840/GE,AS/NZS 4782.1:2004,849.0,21.0,81.0,90.8292682926829,1862.0,20.5,77.9227053140097,1613.0,20.7,"Australia,New Zealand",115389,Approved,2023-07-10,,Class 2,Available,,,FDH-21-L/P-G5-16/850,16.0
Greenhouse and Energy Minimum Standards (Double-capped fluorescent lamps) Determination 2017,GE,China,High Frequency,F21W/840/LL,FT5/21W/840/GE,AS/NZS 4782.1:2004,849.0,21.0,81.0,90.8292682926829,1862.0,20.5,77.9227053140097,1613.0,20.7,"Australia,New Zealand",115389,Approved,2023-07-10,,Class 2,Available,,,FDH-21-L/P-G5-16/850,16.0
Greenhouse and Energy Minimum Standards (Double-capped fluorescent lamps) Determination 2017,GE,China,High Frequency,FT5/21W/840/GE,FT5/21W/840/GE,AS/NZS 4782.1:2004,849.0,21.0,81.0,90.8292682926829,1862.0,20.5,77.9227053140097,1613.0,20.7,"Australia,New Zealand",115389,Approved,2023-07-10,,Class 2,Available,,,FDH-21-L/P-G5-16/850,16.0
Greenhouse and Energy Minimum Standards (Double-capped fluorescent lamps) Determination 2017,GE,China,High Frequency,61094,FT5/21W/865/GE,AS/NZS 4782.1:2004,849.0,21.0,85.0,84.4607843137255,1723.0,20.4,71.3526570048309,1477.0,20.7,"Australia,New Zealand",115391,Approved,2023-07-19,,Class 2,Available,,,FDH-21-L/P-G5-16/850,16.0
Greenhouse and Energy Minimum Standards (Double-capped fluorescent lamps) Determination 2017,GE,China,High Frequency,F21W/865/LL,FT5/21W/865/GE,AS/NZS 4782.1:2004,849.0,21.0,85.0,84.4607843137255,1723.0,20.4,71.3526570048309,1477.0,20.7,"Australia,New Zealand",115391,Approved,2023-07-19,,Class 2,Available,,,FDH-21-L/P-G5-16/850,16.0
Greenhouse and Energy Minimum Standards (Double-capped fluorescent lamps) Determination 2017,GE,China,High Frequency,FT5/21W/865/GE,FT5/21W/865/GE,AS/NZS 4782.1:2004,849.0,21.0,85.0,84.4607843137255,1723.0,20.4,71.3526570048309,1477.0,20.7,"Australia,New Zealand",115391,Approved,2023-07-19,,Class 2,Available,,,FDH-21-L/P-G5-16/850,16.0
Greenhouse and Energy Minimum Standards (Double-capped fluorescent lamps) Determination 2017,GE,China,High Frequency,61069,FT5/28W/830/GE,AS/NZS 4782.1:2004,1149.0,28.0,83.0,93.705035971223,2605.0,27.8,86.6666666666667,2418.0,27.9,"Australia,New Zealand",115397,Approved,2023-07-10,,Class 2,Available,,,FDH-28-L/P-G5-16/1150,16.0
Greenhouse and Energy Minimum Standards (Double-capped fluorescent lamps) Determination 2017,GE,China,High Frequency,61096,FT5/28W/830/GE,AS/NZS 4782.1:2004,1149.0,28.0,83.0,93.705035971223,2605.0,27.8,86.6666666666667,2418.0,27.9,"Australia,New Zealand",115397,Approved,2023-07-10,,Class 2,Available,,,FDH-28-L/P-G5-16/1150,16.0
Greenhouse and Energy Minimum Standards (Double-capped fluorescent lamps) Determination 2017,GE,China,High Frequency,F28W/830/LL,FT5/28W/830/GE,AS/NZS 4782.1:2004,1149.0,28.0,83.0,93.705035971223,2605.0,27.8,86.6666666666667,2418.0,27.9,"Australia,New Zealand",115397,Approved,2023-07-10,,Class 2,Available,,,FDH-28-L/P-G5-16/1150,16.0
Greenhouse and Energy Minimum Standards (Double-capped fluorescent lamps) Determination 2017,GE,China,High Frequency,FT5/28W/830/GE,FT5/28W/830/GE,AS/NZS 4782.1:2004,1149.0,28.0,83.0,93.705035971223,2605.0,27.8,86.6666666666667,2418.0,27.9,"Australia,New Zealand",115397,Approved,2023-07-10,,Class 2,Available,,,FDH-28-L/P-G5-16/1150,16.0
Greenhouse and Energy Minimum Standards (Double-capped fluorescent lamps) Determination 2017,GE,China,High Frequency,61100,FT5/35W/830/GE,AS/NZS 4782.1:2004,1449.0,35.0,83.0,116.474820143885,3238.0,27.8,86.9117647058823,2955.0,34.0,"Australia,New Zealand",115398,Approved,2023-07-12,,Class 4,Available,,,FDH-35-L/P-G5-16/1450,16.0
Greenhouse and Energy Minimum Standards (Double-capped fluorescent lamps) Determination 2017,GE,China,High Frequency,F35W/830/LL,FT5/35W/830/GE,AS/NZS 4782.1:2004,1449.0,35.0,83.0,116.474820143885,3238.0,27.8,86.9117647058823,2955.0,34.0,"Australia,New Zealand",115398,Approved,2023-07-12,,Class 4,Available,,,FDH-35-L/P-G5-16/1450,16.0
Greenhouse and Energy Minimum Standards (Double-capped fluorescent lamps) Determination 2017,GE,China,High Frequency,FT5/35W/830/GE,FT5/35W/830/GE,AS/NZS 4782.1:2004,1449.0,35.0,83.0,116.474820143885,3238.0,27.8,86.9117647058823,2955.0,34.0,"Australia,New Zealand",115398,Approved,2023-07-12,,Class 4,Available,,,FDH-35-L/P-G5-16/1450,16.0
Greenhouse and Energy Minimum Standards (Double-capped fluorescent lamps) Determination 2017,GE,China,High Frequency,61110,FT5/54W/830/GE,AS/NZS 4782.1:2004,1149.0,54.0,83.0,85.1660516605166,4616.0,54.2,73.646408839779,3999.0,54.3,"Australia,New Zealand",115406,Approved,2023-07-10,,Class 2,Available,,,FDH-54-L/P-G5-16/1150,16.0
Greenhouse and Energy Minimum Standards (Double-capped fluorescent lamps) Determination 2017,GE,China,High Frequency,F54W/830/LL,FT5/54W/830/GE,AS/NZS 4782.1:2004,1149.0,54.0,83.0,85.1660516605166,4616.0,54.2,73.646408839779,3999.0,54.3,"Australia,New Zealand",115406,Approved,2023-07-10,,Class 2,Available,,,FDH-54-L/P-G5-16/1150,16.0
Greenhouse and Energy Minimum Standards (Double-capped fluorescent lamps) Determination 2017,GE,China,High Frequency,FT5/54W/830/GE,FT5/54W/830/GE,AS/NZS 4782.1:2004,1149.0,54.0,83.0,85.1660516605166,4616.0,54.2,73.646408839779,3999.0,54.3,"Australia,New Zealand",115406,Approved,2023-07-10,,Class 2,Available,,,FDH-54-L/P-G5-16/1150,16.0
Greenhouse and Energy Minimum Standards (Double-capped fluorescent lamps) Determination 2017,GE,China,High Frequency,61083,FT5/54W/840/GE,AS/NZS 4782.1:2004,1149.0,54.0,83.0,82.3062730627306,4461.0,54.2,71.1439114391144,3856.0,54.2,"Australia,New Zealand",115416,Approved,2023-07-12,,Class 2,Available,,,FDH-54-L/P-G5-16/1150,16.0
Greenhouse and Energy Minimum Standards (Double-capped fluorescent lamps) Determination 2017,GE,China,High Frequency,61111,FT5/54W/840/GE,AS/NZS 4782.1:2004,1149.0,54.0,83.0,82.3062730627306,4461.0,54.2,71.1439114391144,3856.0,54.2,"Australia,New Zealand",115416,Approved,2023-07-12,,Class 2,Available,,,FDH-54-L/P-G5-16/1150,16.0
Greenhouse and Energy Minimum Standards (Double-capped fluorescent lamps) Determination 2017,GE,China,High Frequency,F54W/840/LL,FT5/54W/840/GE,AS/NZS 4782.1:2004,1149.0,54.0,83.0,82.3062730627306,4461.0,54.2,71.1439114391144,3856.0,54.2,"Australia,New Zealand",115416,Approved,2023-07-12,,Class 2,Available,,,FDH-54-L/P-G5-16/1150,16.0
Greenhouse and Energy Minimum Standards (Double-capped fluorescent lamps) Determination 2017,GE,China,High Frequency,FT5/54W/840/GE,FT5/54W/840/GE,AS/NZS 4782.1:2004,1149.0,54.0,83.0,82.3062730627306,4461.0,54.2,71.1439114391144,3856.0,54.2,"Australia,New Zealand",115416,Approved,2023-07-12,,Class 2,Available,,,FDH-54-L/P-G5-16/1150,16.0
Greenhouse and Energy Minimum Standards (Double-capped fluorescent lamps) Determination 2017,CROMPTON,China,50Hz,F18W,F18W,AS/NZS 4782.1:2004,600.0,18.0,84.0,73.4463276836158,1300.0,17.7,59.2222222222222,1066.0,18.0,"Australia,New Zealand",115536,Approved,2023-07-17,,Class 1,Available,,http://crompton.com.au,FD-18-E-G13-26/600,26.0
Greenhouse and Energy Minimum Standards (Double-capped fluorescent lamps) Determination 2017,CROMPTON,China,50Hz,F18W830,F18W,AS/NZS 4782.1:2004,600.0,18.0,84.0,73.4463276836158,1300.0,17.7,59.2222222222222,1066.0,18.0,"Australia,New Zealand",115536,Approved,2023-07-17,,Class 1,Available,,http://crompton.com.au,FD-18-E-G13-26/600,26.0
Greenhouse and Energy Minimum Standards (Double-capped fluorescent lamps) Determination 2017,CROMPTON,China,50Hz,F18W840,F18W,AS/NZS 4782.1:2004,600.0,18.0,84.0,73.4463276836158,1300.0,17.7,59.2222222222222,1066.0,18.0,"Australia,New Zealand",115536,Approved,2023-07-17,,Class 1,Available,,http://crompton.com.au,FD-18-E-G13-26/600,26.0
Greenhouse and Energy Minimum Standards (Double-capped fluorescent lamps) Determination 2017,CROMPTON,China,50Hz,F18W850,F18W,AS/NZS 4782.1:2004,600.0,18.0,84.0,73.4463276836158,1300.0,17.7,59.2222222222222,1066.0,18.0,"Australia,New Zealand",115536,Approved,2023-07-17,,Class 1,Available,,http://crompton.com.au,FD-18-E-G13-26/600,26.0
Greenhouse and Energy Minimum Standards (Double-capped fluorescent lamps) Determination 2017,CROMPTON,China,50Hz,F18W860,F18W,AS/NZS 4782.1:2004,600.0,18.0,84.0,73.4463276836158,1300.0,17.7,59.2222222222222,1066.0,18.0,"Australia,New Zealand",115536,Approved,2023-07-17,,Class 1,Available,,http://crompton.com.au,FD-18-E-G13-26/600,26.0
Greenhouse and Energy Minimum Standards (Double-capped fluorescent lamps) Determination 2017,CROMPTON,China,50Hz,F58W,F58W,AS/NZS 4782.1:2004,1500.0,58.0,82.0,93.1034482758621,5400.0,58.0,120.0,4428.0,36.9,"Australia,New Zealand",115537,Approved,2023-07-18,,Class 4,Available,,http://crompton.com.au,FD-58-E-G13-26/1500,26.0
Greenhouse and Energy Minimum Standards (Double-capped fluorescent lamps) Determination 2017,CROMPTON,China,50Hz,F58W830,F58W,AS/NZS 4782.1:2004,1500.0,58.0,82.0,93.1034482758621,5400.0,58.0,120.0,4428.0,36.9,"Australia,New Zealand",115537,Approved,2023-07-18,,Class 4,Available,,http://crompton.com.au,FD-58-E-G13-26/1500,26.0
Greenhouse and Energy Minimum Standards (Double-capped fluorescent lamps) Determination 2017,CROMPTON,China,50Hz,F58W840,F58W,AS/NZS 4782.1:2004,1500.0,58.0,82.0,93.1034482758621,5400.0,58.0,120.0,4428.0,36.9,"Australia,New Zealand",115537,Approved,2023-07-18,,Class 4,Available,,http://crompton.com.au,FD-58-E-G13-26/1500,26.0
Greenhouse and Energy Minimum Standards (Double-capped fluorescent lamps) Determination 2017,CROMPTON,China,50Hz,F58W850,F58W,AS/NZS 4782.1:2004,1500.0,58.0,82.0,93.1034482758621,5400.0,58.0,120.0,4428.0,36.9,"Australia,New Zealand",115537,Approved,2023-07-18,,Class 4,Available,,http://crompton.com.au,FD-58-E-G13-26/1500,26.0
Greenhouse and Energy Minimum Standards (Double-capped fluorescent lamps) Determination 2017,CROMPTON,China,50Hz,F58W860,F58W,AS/NZS 4782.1:2004,1500.0,58.0,82.0,93.1034482758621,5400.0,58.0,120.0,4428.0,36.9,"Australia,New Zealand",115537,Approved,2023-07-18,,Class 4,Available,,http://crompton.com.au,FD-58-E-G13-26/1500,26.0
Greenhouse and Energy Minimum Standards (Double-capped fluorescent lamps) Determination 2017,Sylvania,Germany,High Frequency,FHE T5 28W/840,FHE T5 28W/840,AS/NZS 4782.1:2004,1163.2,28.0,80.0,97.534833869239,2730.0,27.99,83.2438238453276,2325.0,27.93,"Australia,Fiji,New Zealand",115708,Approved,2023-07-31,,Class 3,Available,http://www.havells-sylvania.com/,,FDH-28-L/P-G5-16/1150,16.0
Greenhouse and Energy Minimum Standards (Double-capped fluorescent lamps) Determination 2017,Sylvania,Germany,High Frequency,T5 FHE Luxline Plus 28W 3000K 200766,FHE T5 28W/840,AS/NZS 4782.1:2004,1163.2,28.0,80.0,97.534833869239,2730.0,27.99,83.2438238453276,2325.0,27.93,"Australia,Fiji,New Zealand",115708,Approved,2023-07-31,,Class 3,Available,http://www.havells-sylvania.com/,,FDH-28-L/P-G5-16/1150,16.0
Greenhouse and Energy Minimum Standards (Double-capped fluorescent lamps) Determination 2017,Sylvania,Germany,High Frequency,T5 FHE Luxline Plus 28W 4000K 200767,FHE T5 28W/840,AS/NZS 4782.1:2004,1163.2,28.0,80.0,97.534833869239,2730.0,27.99,83.2438238453276,2325.0,27.93,"Australia,Fiji,New Zealand",115708,Approved,2023-07-31,,Class 3,Available,http://www.havells-sylvania.com/,,FDH-28-L/P-G5-16/1150,16.0
Greenhouse and Energy Minimum Standards (Double-capped fluorescent lamps) Determination 2017,Sylvania,Germany,High Frequency,T5 FHE Luxline Plus 28W 6500K 200768,FHE T5 28W/840,AS/NZS 4782.1:2004,1163.2,28.0,80.0,97.534833869239,2730.0,27.99,83.2438238453276,2325.0,27.93,"Australia,Fiji,New Zealand",115708,Approved,2023-07-31,,Class 3,Available,http://www.havells-sylvania.com/,,FDH-28-L/P-G5-16/1150,16.0
Greenhouse and Energy Minimum Standards (Double-capped fluorescent lamps) Determination 2017,Deta,China,50Hz,FT18,,AS/NZS 4782.1:2004,600.0,18.0,82.585,77.3728723404255,1454.61,18.8,71.9160525472605,1346.7,18.726,"Australia,New Zealand",117823,Approved,2023-11-26,,Class 1,Available,http://en.chlighting.com/,http://www.detaelectrical.com.au/,FD-18-E-G13-26/600,26.0
Greenhouse and Energy Minimum Standards (Double-capped fluorescent lamps) Determination 2017,Deta,China,50Hz,FT36,,AS/NZS 4782.1:2004,1200.0,36.0,83.22,93.3315436241611,3476.6,37.25,86.6693635382956,3213.7,37.08,"Australia,New Zealand",117836,Approved,2023-11-27,,Class 3,Available,http://en.chlighting.com/,http://www.detaelectrical.com.au/,FD-36-E-G13-26/1200,26.0
Greenhouse and Energy Minimum Standards (Double-capped fluorescent lamps) Determination 2017,Deta,China,50Hz,FT28,,AS/NZS 4782.1:2004,1150.0,28.0,83.3,81.1955793703952,2424.5,29.86,70.8330522765599,2100.2,29.65,"Australia,New Zealand",117880,Approved,2023-11-30,,Class 3,Available,https://huatengelectrical.en.alibaba.com/,http://www.detaelectrical.com.au/,FDH-28-L/P-G5-16/1150,16.0
Greenhouse and Energy Minimum Standards (Double-capped fluorescent lamps) Determination 2017,MERCATOR,China,High Frequency,MERCATOR T5 28W,,AS/NZS 4782.1:2004,1149.0,28.0,82.3,94.5715303759131,2654.15,28.065,87.7691892863563,2441.3,27.815,"Australia,Fiji,New Zealand",117900,Approved,2023-12-04,,Class 2,Available,,http://www.merc.com.au,FDH-28-L/P-G5-16/1150,16.0
Greenhouse and Energy Minimum Standards (Double-capped fluorescent lamps) Determination 2017,MERCATOR,China,High Frequency,MERCATOR T5 21W,,AS/NZS 4782.1:2004,849.0,21.0,81.3,90.6193208990913,1894.85,20.91,84.2013972536738,1747.6,20.755,"Australia,Fiji,New Zealand",117901,Approved,2023-12-04,,Class 2,Available,,http://www.merc.com.au,FDH-21-L/P-G5-16/850,16.0
Greenhouse and Energy Minimum Standards (Double-capped fluorescent lamps) Determination 2017,OSRAM,China,High Frequency,Lumilux HE 28W/830 LL,Lumilux HE Longlife 28W,AS/NZS 4782.1:2004,1149.0,28.0,84.0,92.8571428571429,2600.0,28.0,78.9285714285714,2210.0,28.0,"Australia,New Zealand",118141,Approved,2023-12-20,,Class 2,Available,http://www.ledvance.com.au,http://www.ledvance.com.au,FDH-28-L/P-G5-16/1150,16.0
Greenhouse and Energy Minimum Standards (Double-capped fluorescent lamps) Determination 2017,OSRAM,China,High Frequency,Lumilux HE 28W/840 LL,Lumilux HE Longlife 28W,AS/NZS 4782.1:2004,1149.0,28.0,84.0,92.8571428571429,2600.0,28.0,78.9285714285714,2210.0,28.0,"Australia,New Zealand",118141,Approved,2023-12-20,,Class 2,Available,http://www.ledvance.com.au,http://www.ledvance.com.au,FDH-28-L/P-G5-16/1150,16.0
Greenhouse and Energy Minimum Standards (Double-capped fluorescent lamps) Determination 2017,OSRAM,China,High Frequency,Lumilux HE Longlife 28W,Lumilux HE Longlife 28W,AS/NZS 4782.1:2004,1149.0,28.0,84.0,92.8571428571429,2600.0,28.0,78.9285714285714,2210.0,28.0,"Australia,New Zealand",118141,Approved,2023-12-20,,Class 2,Available,http://www.ledvance.com.au,http://www.ledvance.com.au,FDH-28-L/P-G5-16/1150,16.0
Greenhouse and Energy Minimum Standards (Double-capped fluorescent lamps) Determination 2017,OSRAM,China,High Frequency,Lumilux HE 21W 830 LL,Lumilux T5 HE Longlife 21W,,849.0,21.0,84.0,90.4761904761905,1900.0,21.0,76.9047619047619,1615.0,21.0,"Australia,New Zealand",118142,Approved,2023-12-20,,Class 2,Available,http://www.ledvance.com.au,http://www.ledvance.com.au,FDH-21-L/P-G5-16/850,16.0
Greenhouse and Energy Minimum Standards (Double-capped fluorescent lamps) Determination 2017,OSRAM,China,High Frequency,Lumilux HE 21W 840 LL,Lumilux T5 HE Longlife 21W,,849.0,21.0,84.0,90.4761904761905,1900.0,21.0,76.9047619047619,1615.0,21.0,"Australia,New Zealand",118142,Approved,2023-12-20,,Class 2,Available,http://www.ledvance.com.au,http://www.ledvance.com.au,FDH-21-L/P-G5-16/850,16.0
Greenhouse and Energy Minimum Standards (Double-capped fluorescent lamps) Determination 2017,OSRAM,China,High Frequency,Lumilux T5 HE Longlife 21W,Lumilux T5 HE Longlife 21W,,849.0,21.0,84.0,90.4761904761905,1900.0,21.0,76.9047619047619,1615.0,21.0,"Australia,New Zealand",118142,Approved,2023-12-20,,Class 2,Available,http://www.ledvance.com.au,http://www.ledvance.com.au,FDH-21-L/P-G5-16/850,16.0
Greenhouse and Energy Minimum Standards (Double-capped fluorescent lamps) Determination 2017,PHILIPS,China,50Hz,TL-D 58W/840 Alto,,,1500.0,58.0,82.0,88.7931034482759,5150.0,58.0,88.7931034482759,5150.0,58.0,Australia,120425,Approved,2024-04-12,,Class 4,Available,http://www.philips.com.au/,,FD-58-E-G13-26/1500,28.0
Greenhouse and Energy Minimum Standards (Double-capped fluorescent lamps) Determination 2017,PHILIPS,China,50Hz,927981284036 TL-D 30W/840 1SL/25,,,894.6,30.0,82.0,80.0,2400.0,30.0,76.8,2304.0,30.0,Australia,120429,Approved,2024-04-10,,Class 2,Available,http://www.philips.com.au/,,FD-30-E-G13-26/900,28.0
Greenhouse and Energy Minimum Standards (Double-capped fluorescent lamps) Determination 2017,GE,"China,Hungary",50Hz,FT8/18W/830,,AS/NZS 4782.1:2004,600.0,18.0,83.9,73.9010989010989,1345.0,18.2,65.7721796276013,1201.0,18.26,"Australia,New Zealand",128856,Approved,2025-05-26,,Class 1,Unavailable,,,FD-18-E-G13-26/600,26.0
Greenhouse and Energy Minimum Standards (Double-capped fluorescent lamps) Determination 2017,GE,"China,Hungary",50Hz,FT8/18W/840,,AS/NZS 4782.1:2004,600.0,18.0,81.6,79.5054945054945,1447.0,18.2,65.7721796276013,1201.0,18.26,"Australia,New Zealand",128863,Approved,2025-05-26,,Class 1,Unavailable,,,FD-18-E-G13-26/600,26.0
Greenhouse and Energy Minimum Standards (Double-capped fluorescent lamps) Determination 2017,GE,"China,Hungary",50Hz,FT8/18W/865,,AS/NZS 4782.1:2004,600.0,18.0,82.9,73.4806629834254,1330.0,18.1,64.1643835616438,1171.0,18.25,"Australia,New Zealand",128864,Approved,2025-05-26,,Class 1,Unavailable,,,FD-18-E-G13-26/600,26.0
Greenhouse and Energy Minimum Standards (Double-capped fluorescent lamps) Determination 2017,GE,"China,Hungary",50Hz,FT8/36W/830,,AS/NZS 4782.1:2004,1200.0,36.0,84.2,90.8918918918919,3363.0,37.0,77.654986522911,2881.0,37.1,"Australia,New Zealand",128881,Approved,2025-05-26,,Class 3,Unavailable,,,FD-36-E-G13-26/1200,26.0
Greenhouse and Energy Minimum Standards (Double-capped fluorescent lamps) Determination 2017,GE,"China,Hungary",50Hz,FT8/36W/840,,AS/NZS 4782.1:2004,1200.0,36.0,83.5,89.7554347826087,3303.0,36.8,77.654986522911,2881.0,37.1,"Australia,New Zealand",128884,Approved,2025-05-26,,Class 3,Available,,,FD-36-E-G13-26/1200,26.0
Greenhouse and Energy Minimum Standards (Double-capped fluorescent lamps) Determination 2017,GE,"China,Hungary",50Hz,FT8/36W/865,,AS/NZS 4782.1:2004,1200.0,36.0,82.6,87.0924279170035,3232.0,37.11,77.3866666666667,2902.0,37.5,"Australia,New Zealand",128888,Approved,2025-05-14,,Class 3,Available,,,FD-36-E-G13-26/1200,26.0
Greenhouse and Energy Minimum Standards (Double-capped fluorescent lamps) Determination 2017,GE,"China,Hungary",50Hz,FT8/58W/830,,AS/NZS 4782.1:2004,1500.0,58.0,82.8,88.2885906040268,5262.0,59.6,79.485903814262,4793.0,60.3,"Australia,New Zealand",128899,Approved,2025-05-14,,Class 4,Unavailable,,,FD-58-E-G13-26/1500,26.0
Greenhouse and Energy Minimum Standards (Double-capped fluorescent lamps) Determination 2017,GE,"China,Hungary",50Hz,FT8/58W/840,,AS/NZS 4782.1:2004,1500.0,58.0,81.9,93.3665008291874,5630.0,60.3,79.485903814262,4793.0,60.3,"Australia,New Zealand",128902,Approved,2025-05-14,,Class 4,Available,,,FD-58-E-G13-26/1500,26.0
Greenhouse and Energy Minimum Standards (Double-capped fluorescent lamps) Determination 2017,GE,"China,Hungary",50Hz,FT8/58W/865,,AS/NZS 4782.1:2004,1500.0,58.0,82.5,86.8775235531629,5164.0,59.44,76.4725568942436,4570.0,59.76,"Australia,New Zealand",128904,Approved,2025-05-14,,Class 4,Available,,,FD-58-E-G13-26/1500,26.0
